ID Sitio,Traza,Sub-Traza,Localidad,Departamento,Provincia,Poblacion Censo 2010,Lat_sitio,Lon_sitio,Fecha Real de Conexión,Estado
1681,ACHERAL - LA RIOJA,TUCUMAN - RUMI PUNCO 10G POR DWDM ACHERAL,Juan Bautista Alberdi,Juan B. Alberdi,Tucuman,18430,-27.585977404,-65.620843677,19/10/18,Conectado
2976,LA QUIACA - SANTA MARIA,LA QUIACA - SAN ANTONIO DE LOS COBRES,San Juan de Oros,Santa Catalina,Jujuy,27,-22.216011,-66.3856,28/09/18,Conectado
3053,LA QUIACA - SANTA MARIA,LA QUIACA - SAN ANTONIO DE LOS COBRES,Santa Catalina,Santa Catalina,Jujuy,305,-21.9449944444,-66.0513527778,08/06/18,Conectado
704,LA QUIACA - SANTA MARIA,LA QUIACA - SAN ANTONIO DE LOS COBRES,Casira,Santa Catalina,Jujuy,176,-21.9783055556,-65.8952722222,28/09/18,Conectado
2619,PICHANAL - SALVADOR MAZZA,TARTAGAL - PROFESOR SALVADOR MAZZA,Profesor Salvador Mazza,Gral.J. de San Martín,Salta,18899,-22.0519388889,-63.6858583333,15/09/16,Conectado
2415,LA QUIACA - SANTA MARIA,LA QUIACA - SAN ANTONIO DE LOS COBRES,Oratorio,Santa Catalina,Jujuy,96,-22.0994444444,-66.1314444444,21/09/18,Conectado
3629,LA QUIACA - SANTA MARIA,ANILLO LA QUIACA,Yavi Chico,Yavi,Jujuy,33,-22.0999166667,-65.4586666667,31/08/18,Conectado
816,LA QUIACA - SANTA MARIA,LA QUIACA - SAN ANTONIO DE LOS COBRES,Cieneguillas,Santa Catalina,Jujuy,286,-22.1008,-65.8664833,28/09/18,Conectado
1843,PERICO - LA QUIACA,LA QUIACA - SAN SALVADOR DE JUJUY II POR PURMAMARCA,La Quiaca,Yavi,Jujuy,16874,-22.1079361111,-65.5951916667,23/03/18,Conectado
3628,LA QUIACA - SANTA MARIA,ANILLO LA QUIACA,Yavi,Yavi,Jujuy,378,-22.1319166667,-65.4598333333,24/08/18,Conectado
3254,PICHANAL - SALVADOR MAZZA,TARTAGAL - PROFESOR SALVADOR MAZZA,Tobantirenda,Gral.J. de San Martín,Salta,849,-22.1537194,-63.7116416,14/12/17,Conectado
36170,LA QUIACA - SANTA MARIA,LA QUIACA - SAN ANTONIO DE LOS COBRES,Cienaga de Paicone,Santa Catalina,Jujuy,,-22.178605,-66.412002,28/09/18,Conectado
2429,LA QUIACA - SANTA MARIA,LA QUIACA - SAN ANTONIO DE LOS COBRES,Paicone,Santa Catalina,Jujuy,64,-22.2183333333,-66.42425,28/09/18,Conectado
127,PICHANAL - SALVADOR MAZZA,TARTAGAL - PROFESOR SALVADOR MAZZA,Aguaray,Gral.J. de San Martín,Salta,10410,-22.2392277,-63.7273083,06/04/18,Conectado
2288,LA QUIACA - SANTA MARIA,LA QUIACA - SAN ANTONIO DE LOS COBRES,Misar Rumi,Santa Catalina,Jujuy,36,-22.2594444444,-66.3672222222,14/09/18,Conectado
2694,PERICO - LA QUIACA,LA QUIACA - SAN SALVADOR DE JUJUY II POR PURMAMARCA,Pumahuasi,Yavi,Jujuy,233,-22.2878888889,-65.6801944444,24/08/18,Conectado
2560,PICHANAL - SALVADOR MAZZA,TARTAGAL - PROFESOR SALVADOR MAZZA,Piquirenda,Gral.J. de San Martín,Salta,505,-22.3247083,-63.7529083,20/04/18,Conectado
1054,LA QUIACA - SANTA MARIA,LA QUIACA - SAN ANTONIO DE LOS COBRES,Cusi Cusi,Santa Catalina,Jujuy,243,-22.3408333333,-66.4925,05/10/18,Conectado
3619,PICHANAL - SALVADOR MAZZA,TARTAGAL - PROFESOR SALVADOR MAZZA,Yacuy,Gral.J. de San Martín,Salta,1686,-22.3656388,-63.769575,15/06/18,Conectado
3276,PICHANAL - SALVADOR MAZZA,TARTAGAL - PROFESOR SALVADOR MAZZA,Tranquitas,Gral.J. de San Martín,Salta,1052,-22.4047611,-63.7771583,20/04/18,Conectado
1789,PERICO - LA QUIACA,LA QUIACA - SAN SALVADOR DE JUJUY II POR PURMAMARCA,La Intermedia,Yavi,Jujuy,178,-22.4239444444,-65.7018611111,24/08/18,Conectado
624,PERICO - LA QUIACA,LA QUIACA - SAN SALVADOR DE JUJUY POR PURMAMARCA,Cangrejillos,Yavi,Jujuy,181,-22.4257222222,-65.5821388889,14/09/18,Conectado
2291,PICHANAL - SALVADOR MAZZA,TARTAGAL - PROFESOR SALVADOR MAZZA,Mision Kilometro 6,Gral.J. de San Martín,Salta,1281,-22.5103055,-63.7509166,09/11/17,Conectado
2031,LA QUIACA - SANTA MARIA,LA QUIACA - SAN ANTONIO DE LOS COBRES,Liviara,Rinconada,Jujuy,46,-22.519722,-66.337778,21/09/18,Conectado
3222,PICHANAL - SALVADOR MAZZA,EMBARCACION - TARTAGAL 1G,Tartagal,Gral.J. de San Martín,Salta,63196,-22.5279555556,-63.7938972222,15/09/16,Conectado
2421,LA QUIACA - SANTA MARIA,LA QUIACA - SAN ANTONIO DE LOS COBRES,Orosmayo,Santa Catalina,Jujuy,82,-22.555833,-66.356111,21/09/18,Conectado
463,PICHANAL - SALVADOR MAZZA,EMBARCACION - TARTAGAL 10G,Barrio Martinez Saravia,Gral.J. de San Martín,Salta,13774,-22.5759111,-63.8063166,19/10/17,Conectado
599,PICHANAL - SALVADOR MAZZA,EMBARCACION - TARTAGAL 1G,Campamento Vespucio,Gral.J. de San Martín,Salta,1531,-22.5849527,-63.8538777,05/10/17,Conectado
1512,PICHANAL - SALVADOR MAZZA,EMBARCACION - TARTAGAL 10G,Gral. Enrique Mosconi,Gral.J. de San Martín,Salta,16060,-22.5951805,-63.8040194,23/11/17,Conectado
2383,LA QUIACA - SANTA MARIA,LA QUIACA - SAN ANTONIO DE LOS COBRES,Nuevo Pirquitas,Rinconada,Jujuy,672,-22.6875916667,-66.4558527778,14/09/18,Conectado
105,PERICO - LA QUIACA,LA QUIACA - SAN SALVADOR DE JUJUY II POR PURMAMARCA,Abra Pampa,Cochinoca,Jujuy,8705,-22.7243333333,-65.689,23/03/18,Conectado
128,PICHANAL - AGUAS BLANCAS,PICHANAL - AGUAS BLANCAS,Aguas Blancas,Orán,Salta,2395,-22.7342083333,-64.3539083333,27/12/16,Conectado
989,PICHANAL - SALVADOR MAZZA,EMBARCACION - TARTAGAL 1G,Coronel Cornejo,Gral.J. de San Martín,Salta,2672,-22.7389888,-63.8190666,05/10/17,Conectado
1028,LA QUIACA - SANTA MARIA,LA QUIACA - SAN ANTONIO DE LOS COBRES,Coyaguayma,Rinconada,Jujuy,83,-22.7722222222,-66.4411111111,21/09/18,Conectado
3286,PERICO - LA QUIACA,LA QUIACA - SAN SALVADOR DE JUJUY POR PURMAMARCA,Tres Cruces,Humahuaca,Jujuy,376,-22.9194166667,-65.5865277778,17/08/18,Conectado
1431,PICHANAL - SALVADOR MAZZA,EMBARCACION - TARTAGAL 1G,General Ballivian,Gral.J. de San Martín,Salta,2071,-22.9361,-63.8588472,14/09/17,Conectado
976,LA QUIACA - SANTA MARIA,LA QUIACA - SAN ANTONIO DE LOS COBRES,Coranzuli,Susques,Jujuy,333,-23.016389,-66.365556,14/09/18,Conectado
603,PICHANAL - SALVADOR MAZZA,EMBARCACION - TARTAGAL 1G,Campichuelo,Gral.J. de San Martín,Salta,340,-23.1082305,-63.99715,14/09/17,Conectado
3027,PICHANAL - AGUAS BLANCAS,PICHANAL - AGUAS BLANCAS,San Ramon de La Nueva Oran,Orán,Salta,76070,-23.1574138889,-64.3323333333,30/11/16,Conectado
1594,PERICO - LA QUIACA,LA QUIACA - SAN SALVADOR DE JUJUY POR PURMAMARCA,Humahuaca,Humahuaca,Jujuy,10256,-23.2007722222,-65.3519083333,23/03/18,Conectado
1270,FORMOSA - PICHANAL,HICKMAN - EMBARCACION,Embarcacion,Gral.J. de San Martín,Salta,20843,-23.2034416667,-64.0976583333,07/03/16,Conectado
1566,FORMOSA - PICHANAL,CORONEL JUAN SOLA - HICKMAN,Hickman,Gral.J. de San Martín,Salta,805,-23.2118972222,-63.5679722222,01/04/16,Conectado
2426,FORMOSA - PICHANAL,HICKMAN - EMBARCACION,Padre Lozano,Gral.J. de San Martín,Salta,513,-23.2182333,-63.8470944,06/07/18,Conectado
664,FORMOSA - PICHANAL,HICKMAN - EMBARCACION,Carboncito,Gral.J. de San Martín,Salta,531,-23.2334861,-63.76795,30/03/18,Conectado
1103,FORMOSA - PICHANAL,CORONEL JUAN SOLA - HICKMAN,Dragones,Gral.J. de San Martín,Salta,1779,-23.2496083,-63.3431333,13/04/18,Conectado
2289,FORMOSA - PICHANAL,HICKMAN - EMBARCACION,Mision Chaqueña,Gral.J. de San Martín,Salta,1302,-23.2597333,-63.7433416,20/04/18,Conectado
2529,FORMOSA - PICHANAL,PICHANAL - LIBERTADOR GENERAL SAN MARTIN 1G,Pichanal,Orán,Salta,22439,-23.3243472222,-64.2252777778,21/03/16,Conectado
2580,FORMOSA - PICHANAL,CORONEL JUAN SOLA - HICKMAN,Pluma de Pato,Rivadavia,Salta,529,-23.3721833,-63.0978777,23/02/18,Conectado
928,PICHANAL - PERICO,PICHANAL - LIBERTADOR GENERAL SAN MARTIN 10G,Colonia Santa Rosa,Orán,Salta,15562,-23.3935861111,-64.4194222222,31/07/17,Conectado
3195,LA QUIACA - SANTA MARIA,LA QUIACA - SAN ANTONIO DE LOS COBRES,Susques,Susques,Jujuy,1611,-23.3978166667,-66.3662527778,02/02/18,Conectado
994,FORMOSA - PICHANAL,CAPITAN JUAN PAGE - CORONEL JUAN SOLA,Coronel Juan Sola,Rivadavia,Salta,4714,-23.4729444444,-62.8820055556,07/03/16,Conectado
1582,LA QUIACA - SANTA MARIA,LA QUIACA - SAN ANTONIO DE LOS COBRES,Huancar,Susques,Jujuy,133,-23.563375,-66.4106111111,08/06/18,Conectado
2068,FORMOSA - PICHANAL,CAPITAN JUAN PAGE - CORONEL JUAN SOLA,Los Blancos,Rivadavia,Salta,1073,-23.6063833,-62.5949916,23/02/18,Conectado
3634,PICHANAL - PERICO,PICHANAL - LIBERTADOR GENERAL SAN MARTIN 10G,Yuto,Ledesma,Jujuy,6301,-23.6416111111,-64.47055,31/07/17,Conectado
657,FORMOSA - PICHANAL,CAPITAN JUAN PAGE - CORONEL JUAN SOLA,Capitan Juan Page,Rivadavia,Salta,213,-23.6864916667,-62.3758111111,21/03/16,Conectado
2705,PERICO - LA QUIACA,SAN SALVADOR de JUJUY - LA QUIACA POR PURMAMARCA,Purmamarca,Tumbaya,Jujuy,891,-23.7405277778,-65.5056666667,09/03/18,Conectado
2498,LA QUIACA - SANTA MARIA,LA QUIACA - SAN ANTONIO DE LOS COBRES,Pastos Chicos,Susques,Jujuy,104,-23.7645333333,-66.4393722222,08/06/18,Conectado
594,PICHANAL - PERICO,PICHANAL - LIBERTADOR GENERAL SAN MARTIN 10G,Calilegua,Ledesma,Jujuy,5997,-23.7725277778,-64.776,27/07/17,Conectado
2025,PICHANAL - PERICO,PICHANAL - LIBERTADOR GENERAL SAN MARTIN 1G,Libertador General San Martin,Ledesma,Jujuy,46642,-23.8165194444,-64.7987388889,31/03/17,Conectado
1612,FORMOSA - PICHANAL,LAGUNA YEMA - ING GUILLERMO N JUAREZ,Ing. Guillermo N. Juarez,Matacos,Formosa,13438,-23.8975972222,-61.8526333333,12/01/16,Conectado
1390,PICHANAL - PERICO,LIBERTADOR GENERAL SAN MARTIN - SAN PEDRO de JUJUY II,Fraile Pintado,Ledesma,Jujuy,13300,-23.9430722222,-64.8003888889,27/07/17,Conectado
2691,LA QUIACA - SANTA MARIA,LA QUIACA - SAN ANTONIO DE LOS COBRES,Puesto Sey,Susques,Jujuy,94,-23.9469555556,-66.4879611111,27/07/18,Conectado
756,PICHANAL - PERICO,LIBERTADOR GENERAL SAN MARTIN - SAN PEDRO de JUJUY,Chalican,Ledesma,Jujuy,1062,-24.0690666667,-64.8069888889,12/10/18,Conectado
3033,PERICO - LA QUIACA,SAN SALVADOR de JUJUY - LA QUIACA POR PURMAMARCA,San Salvador de Jujuy,Dr. Manuel Belgrano,Jujuy,257970,-24.1787583333,-65.3275416667,07/09/17,Conectado
2889,LA QUIACA - SANTA MARIA,LA QUIACA - SAN ANTONIO DE LOS COBRES,San Antonio de Los Cobres,Los Andes,Salta,4763,-24.2179638889,-66.316975,02/02/18,Conectado
3022,PICHANAL - PERICO,SAN PEDRO de JUJUY - PERICO,San Pedro de Jujuy,San Pedro,Jujuy,62088,-24.2386944444,-64.8632222222,28/07/17,Conectado
1898,FORMOSA - PICHANAL,LAS LOMITAS - LAGUNA YEMA,Laguna Yema,Bermejo,Formosa,3617,-24.2540416667,-61.2486138889,12/01/16,Conectado
2444,PERICO - LA QUIACA,PALPALA - CENTRO FORESTAL,Palpala,Palpalá,Jujuy,50183,-24.2586777778,-65.2123166667,21/09/17,Conectado
2522,PICHANAL - PERICO,SAN PEDRO de JUJUY - PERICO,Perico,El Carmen,Jujuy,44750,-24.3754972222,-65.1152833333,31/03/17,Conectado
1967,FORMOSA - PICHANAL,IBARRETA - LAS LOMITAS,Las Lomitas,Patiño,Formosa,12399,-24.713175,-60.5930722222,04/01/16,Conectado
580,LA QUIACA - SANTA MARIA,SANTA MARIA - LA POMA,Cachi,Cachi,Salta,2616,-25.1211777778,-66.155625,27/07/18,Conectado
1600,FORMOSA - PICHANAL,PIRANE - IBARRETA,Ibarreta,Patiño,Formosa,9429,-25.2157416667,-59.8578722222,04/01/16,Conectado
827,FORMOSA - CLORINDA,FORMOSA - CLORINDA,Clorinda,Pilcomayo,Formosa,52837,-25.2884083333,-57.7260444444,20/10/16,Conectado
506,FORMOSA - PICHANAL,PIRANE - IBARRETA,Bartolome de Las Casas,Patiño,Formosa,1134,-25.4113888889,-59.5716666667,20/07/17,Conectado
2301,LA QUIACA - SANTA MARIA,SANTA MARIA - LA POMA,Molinos,Molinos,Salta,1183,-25.4383055556,-66.2977777778,03/08/18,Conectado
2668,SAN JOSE - PUERTO IGUAZU,COLONIA WANDA - PUERTO IGUAZU,Puerto Iguazu,Iguazú,Misiones,41062,-25.6110638889,-54.5645444444,21/12/17,Conectado
947,SAN JOSE - PUERTO IGUAZU,BERNARDO DE IRIGOYEN - COLONIA WANDA 10G,Comandante Andresito,Gral. Manuel Belgrano,Misiones,11482,-25.6764722222,-54.0411944444,21/12/17,Conectado
2561,FORMOSA - PICHANAL,PIRANE - IBARRETA,Pirane,Pirané,Formosa,20335,-25.7303638889,-59.1050694444,12/01/16,Conectado
2317,RESISTENCIA - SAN JOSE de METAN,PRESIDENTE ROQUE SAENZ PEÑA - MONTE QUEMADO,Monte Quemado,Copo,Santiago del Estero,12543,-25.8119277778,-62.8283666667,14/09/18,Conectado
1516,FORMOSA - PICHANAL,FORMOSA - GRAN GUARDIA,Gran Guardia,Formosa,Formosa,916,-25.8641277778,-58.8888277778,12/01/16,Conectado
639,FORMOSA - CLORINDA,FORMOSA - CLORINDA,Cañada Xii,Formosa,Formosa,0,-25.8816277778,-58.0853861111,23/11/17,Conectado
942,SAN JOSE - PUERTO IGUAZU,BERNARDO DE IRIGOYEN - COLONIA WANDA 10G,Colonia Wanda,Iguazú,Misiones,13901,-25.9716472222,-54.5612361111,21/12/17,Conectado
584,LA QUIACA - SANTA MARIA,SANTA MARIA - CAFAYATE,Cafayate,Cafayate,Salta,13698,-26.0725,-65.9844888889,02/02/18,Conectado
1374,FORMOSA - PICHANAL,FORMOSA - GRAN GUARDIA,Formosa,Formosa,Formosa,222226,-26.2058888889,-58.2070638889,12/01/16,Conectado
537,SAN JOSE - PUERTO IGUAZU,SAN PEDRO - BERNARDO DE IRIGOYEN,Bernardo de Irigoyen,Gral. Manuel Belgrano,Misiones,6492,-26.2551194444,-53.6457694444,21/12/17,Conectado
2090,RESISTENCIA - SAN JOSE de METAN,PRESIDENTE ROQUE SAENZ PEÑA - MONTE QUEMADO,Los Frentones,Almirante Brown,Chaco,5520,-26.4117277,-61.4088888,05/10/18,Conectado
2449,RESISTENCIA - SAN JOSE de METAN,PRESIDENTE ROQUE SAENZ PEÑA - MONTE QUEMADO,Pampa del Infierno,Almirante Brown,Chaco,9063,-26.5043361111,-61.1765555556,05/10/18,Conectado
208,SANTA MARiA - ACHERAL,SANTA MARIA - AMAICHA DEL VALLE,Amaicha del Valle,Tafí del Valle,Tucuman,1327,-26.5960861111,-65.9193805556,28/03/17,Conectado
960,RESISTENCIA - SAN JOSE de METAN,PRESIDENTE ROQUE SAENZ PEÑA - MONTE QUEMADO,Concepcion del Bermejo,Almirante Brown,Chaco,5309,-26.5993888889,-60.9484166667,05/10/18,Conectado
2137,SANTA MARiA - ACHERAL,AMAICHA DEL VALLE - TAFI DEL VALLE,Los Zazos,Tafí del Valle,Tucuman,0,-26.6130555,-65.8827777,14/12/17,Conectado
3014,SAN JOSE - PUERTO IGUAZU,SAN VICENTE - SAN PEDRO,San Pedro,San Pedro,Misiones,10397,-26.6259166667,-54.1143333333,21/12/17,Conectado
324,RESISTENCIA - SAN JOSE de METAN,PRESIDENTE ROQUE SAENZ PEÑA - MONTE QUEMADO,Avia Terai,Independencia,Chaco,6203,-26.686308,-60.729713,05/10/18,Conectado
3079,LA QUIACA - SANTA MARIA,SANTA MARIA - LA POMA,Santa Maria,Santa María,Catamarca,11648,-26.6986888889,-66.0410416667,29/12/16,Conectado
903,TUCUMAN - SANTIAGO del ESTERO,TUCUMAN - SANTIAGO DEL ESTERO 1G,Colonia Mayo - Barrio La Milagrosa,Cruz Alta,Tucuman,909,-26.8366055,-64.9905916,31/07/17,Conectado
3202,SANTA MARiA - ACHERAL,AMAICHA DEL VALLE - TAFI DEL VALLE,Tafi del Valle,Tafí del Valle,Tucuman,3403,-26.8423805556,-65.7102138889,29/12/16,Conectado
3006,TUCUMAN - SANTIAGO del ESTERO,TUCUMAN - SANTIAGO DEL ESTERO 1G,San Miguel de Tucuman,Capital,Tucuman,548866,-26.8438805556,-65.230025,15/09/16,Conectado
1069,TUCUMAN - SANTIAGO del ESTERO,TUCUMAN - SANTIAGO DEL ESTERO 10G,Delfin Gallo,Cruz Alta,Tucuman,8828,-26.8459888889,-65.0942666667,31/07/17,Conectado
2122,TUCUMAN - SANTIAGO del ESTERO,TUCUMAN - SANTIAGO DEL ESTERO 10G,Los Ralos,Cruz Alta,Tucuman,9429,-26.8865527778,-65.0063944444,30/11/16,Conectado
3768,TUCUMAN - ACHERAL,TUCUMAN - SAN ISIDRO DE LULES,San Isidro de Lules,Lules,Tucuman,22142,-26.916075,-65.3348444444,28/03/17,Conectado
1513,RESISTENCIA - FORMOSA,FORMOSA - RESISTENCIA,General Vedia,Bermejo,Chaco,1839,-26.93550278,-58.66106667,19/10/18,Conectado
2697,SANTA MARIA - ALPASINCHE,SANTA MARIA - HUALFIN,Punta de Balasto,Santa María,Catamarca,177,-26.9524777778,-66.1343416667,29/12/16,Conectado
2742,TUCUMAN - SANTIAGO del ESTERO,TUCUMAN - SANTIAGO DEL ESTERO 10G,Ranchillos,Cruz Alta,Tucuman,6892,-26.9530638,-65.0475555,31/07/17,Conectado
846,RESISTENCIA - SAN JOSE de METAN,RESISTENCIA - PRESIDENTE ROQUE SAENZ PEÑA 1G,Colonia Aborigen,25 de Mayo,Chaco,1272,-26.9563666,-60.2032305,19/10/18,Conectado
1849,TUCUMAN - ACHERAL,SAN ISIDRO DE LULES - ACHERAL,La Reduccion,Lules,Tucuman,5029,-26.962107,-65.354035,13/04/18,Conectado
3038,SAN JOSE - PUERTO IGUAZU,ARISTOBULO DEL VALLE - SAN VICENTE,San Vicente,Guaraní,Misiones,21068,-26.9939833333,-54.4873,21/12/17,Conectado
1976,RESISTENCIA - FORMOSA,FORMOSA - RESISTENCIA 10G,Las Palmas,Bermejo,Chaco,4914,-27.0491333333,-58.6811583333,04/01/18,Conectado
3233,SANTA MARiA - ACHERAL,TAFI DEL VALLE - ACHERAL,Teniente Berdina,Monteros,Tucuman,907,-27.0510277,-65.4880555,23/11/17,Conectado
1348,TUCUMAN - ACHERAL,SAN ISIDRO DE LULES - ACHERAL 10G,Famailla,Famaillá,Tucuman,22924,-27.054417,-65.404298,20/04/18,Conectado
1298,TUCUMAN - SANTIAGO del ESTERO,TUCUMAN - SANTIAGO DEL ESTERO 1G,Estacion Araoz,Leales,Tucuman,1315,-27.0595277,-64.9261,31/07/17,Conectado
2866,SAN JOSE - PUERTO IGUAZU,ARISTOBULO DEL VALLE - SAN VICENTE,Salto Encantado,Cainguás,Misiones,3543,-27.0855388889,-54.8363444444,21/12/17,Conectado
3075,SANTA MARiA - ACHERAL,TAFI DEL VALLE - ACHERAL,Santa Lucia,Monteros,Tucuman,5704,-27.095375,-65.5357111,23/11/17,Conectado
274,SAN JOSE - PUERTO IGUAZU,OBERA - ARISTOBULO DEL VALLE,Aristobulo del Valle,Cainguás,Misiones,12375,-27.1032611111,-54.8921333333,21/12/17,Conectado
110,SANTA MARiA - ACHERAL,TAFI DEL VALLE - ACHERAL,Acheral,Monteros,Tucuman,2683,-27.1208333333,-65.4683333333,29/12/16,Conectado
3096,TUCUMAN - ACHERAL,SAN ISIDRO DE LULES - ACHERAL 10G,Santa Rosa de Leales,Leales,Tucuman,1934,-27.1329166,-65.2591111,04/05/18,Conectado
3176,SANTA MARiA - ACHERAL,TAFI DEL VALLE - ACHERAL,Soldado Maldonado,Monteros,Tucuman,805,-27.1447166,-65.5658694,23/11/17,Conectado
2783,TUCUMAN - ACHERAL,SAN ISIDRO DE LULES - ACHERAL,Rio Colorado,Leales,Tucuman,1077,-27.1501,-65.3558055,02/03/18,Conectado
1908,RESISTENCIA - SAN JOSE de METAN,RESISTENCIA - PRESIDENTE ROQUE SAENZ PEÑA 1G,Lapachito,General Donovan,Chaco,888,-27.1593527,-59.3878138,28/09/18,Conectado
2325,ACHERAL - LA RIOJA,TUCUMAN - RUMI PUNCO 10G POR DWDM ACHERAL,Monteros,Monteros,Tucuman,23274,-27.1667833333,-65.4975333333,28/09/18,Conectado
2179,RESISTENCIA - SAN JOSE de METAN,RESISTENCIA - PRESIDENTE ROQUE SAENZ PEÑA 10G,Makalle,General Donovan,Chaco,4322,-27.2082777778,-59.2865833333,28/09/18,Conectado
608,SAN JOSE - PUERTO IGUAZU,OBERA - ARISTOBULO DEL VALLE,Campo Grande,Cainguás,Misiones,6547,-27.214249,-54.975396,26/10/18,Conectado
1581,SANTA MARIA - ALPASINCHE,HUALFIN - BELEN,Hualfin,Belén,Catamarca,987,-27.2233888889,-66.8334444444,29/12/16,Conectado
1143,TUCUMAN - SANTIAGO del ESTERO,TUCUMAN - SANTIAGO DEL ESTERO 1G,El Charco,Jiménez,Santiago del Estero,178,-27.2303861111,-64.7058083333,27/12/16,Conectado
1885,RESISTENCIA - SAN JOSE de METAN,RESISTENCIA - PRESIDENTE ROQUE SAENZ PEÑA 1G,Laguna Blanca,Libertad,Chaco,547,-27.25431667,-59.23258611,28/09/18,Conectado
1514,TUCUMAN - SANTIAGO del ESTERO,TUCUMAN - SANTIAGO DEL ESTERO 10G,Gramilla,Río Hondo,Santiago del Estero,409,-27.300475,-64.6095333333,31/03/17,Conectado
956,ACHERAL - LA RIOJA,TUCUMAN - RUMI PUNCO 10G POR DWDM ACHERAL,Concepcion,Chicligasta,Tucuman,49782,-27.34435,-65.5879166667,28/09/18,Conectado
2594,SAN JOSE - POSADAS,SAN JOSE - POSADAS,Posadas,Capital,Misiones,275028,-27.4309444444,-55.8901111111,19/01/18,Conectado
2765,RESISTENCIA - FORMOSA,FORMOSA - RESISTENCIA,Resistencia,San Fernando,Chaco,290723,-27.4561555556,-58.9871138889,15/09/16,Conectado
613,SAN JOSE - PUERTO IGUAZU,OBERA - ARISTOBULO DEL VALLE,Campo Ramon,Oberá,Misiones,1235,-27.457705,-55.022584,26/10/18,Conectado
1012,CORRIENTES - LA PAZ,CORRIENTES - BELLA VISTA,Corrientes,Capital,Corrientes,346334,-27.4739277778,-58.8534888889,26/10/16,Conectado
2389,SAN JOSE - PUERTO IGUAZU,LEANDRO N ALEM - OBERA,Obera,Oberá,Misiones,63960,-27.5004694444,-55.1092666667,21/12/17,Conectado
776,TUCUMAN - SANTIAGO del ESTERO,TUCUMAN - SANTIAGO DEL ESTERO 1G,Chaupi Pozo,Banda,Santiago del Estero,382,-27.5082916667,-64.4211055556,31/03/17,Conectado
1023,TOSTADO - RESISTENCIA,VERA - RESISTENCIA,Cote Lai,Tapenagá,Chaco,1323,-27.530049,-59.576561,06/07/18,Conectado
825,SANTIAGO del ESTERO - TOSTADO,SANTIAGO DEL ESTERO - CLODOMIRA,Clodomira,Banda,Santiago del Estero,9661,-27.5749833333,-64.1317527778,15/09/16,Conectado
2014,SAN JOSE - PUERTO IGUAZU,SAN JOSE - LEANDRO N ALEM,Leandro N. Alem,Leandro N. Alem,Misiones,23339,-27.60495,-55.3214666667,21/12/17,Conectado
242,SANTIAGO del ESTERO - TOSTADO,SANTIAGO DEL ESTERO - CLODOMIRA,Antaje,Banda,Santiago del Estero,210,-27.6245,-64.2532222,19/10/17,Conectado
514,SANTA MARIA - ALPASINCHE,HUALFIN - BELEN,Belen,Belén,Catamarca,12256,-27.6467222222,-67.0203888889,29/12/16,Conectado
769,TOSTADO - RESISTENCIA,VERA - RESISTENCIA,Charadai,Tapenagá,Chaco,1519,-27.6508444444,-59.857875,20/07/18,Conectado
2120,TUCUMAN - SANTIAGO del ESTERO,TUCUMAN - SANTIAGO DEL ESTERO 1G,Los Quiroga,Banda,Santiago del Estero,1065,-27.6527638,-64.3520194,07/12/17,Conectado
1735,SANTIAGO del ESTERO - TOSTADO,CLODOMIRA - AÑATUYA,La Cañada,Figueroa,Santiago del Estero,1696,-27.7097916667,-63.7712055556,30/11/16,Conectado
879,SANTIAGO del ESTERO - TOSTADO,CLODOMIRA - AÑATUYA,Colonia El Simbolar,Robles,Santiago del Estero,4197,-27.7141333,-63.8682166,19/10/17,Conectado
3450,SANTIAGO del ESTERO - TOSTADO,CLODOMIRA - AÑATUYA,Villa Figueroa,Figueroa,Santiago del Estero,72,-27.715625,-63.5066833333,29/12/16,Conectado
1722,SANTIAGO del ESTERO - TOSTADO,SANTIAGO DEL ESTERO - CLODOMIRA 10G,La Banda,Banda,Santiago del Estero,106441,-27.7597222222,-64.2597222222,13/04/18,Conectado
2959,SAN JOSE - POSADAS,SAN JOSE - POSADAS,San Jose,Apóstoles,Misiones,5338,-27.7687166667,-55.77975,21/12/17,Conectado
3108,SANTIAGO del ESTERO - TOSTADO,SANTIAGO DEL ESTERO - CLODOMIRA,Santiago del Estero,Capital,Santiago del Estero,252192,-27.801075,-64.268625,08/03/16,Conectado
2837,ACHERAL - LA RIOJA,TUCUMAN - RUMI PUNCO 10G POR DWDM ACHERAL,Rumi Punco,La Cocha,Tucuman,0,-27.9839638889,-65.5704805556,19/10/18,Conectado
1873,ACHERAL - LA RIOJA,RUMI PUNCO - SAN FERNANDO del VALLE de CATAMARCA,La Viña,Paclín,Catamarca,129,-28.0373305556,-65.5958944444,19/10/18,Conectado
2059,TOSTADO - RESISTENCIA,VERA - RESISTENCIA,Los Amores,Vera,Santa Fe,1052,-28.1001111111,-59.9796666667,11/05/18,Conectado
2234,SANTIAGO del ESTERO - TOSTADO,CLODOMIRA - AÑATUYA,Matara,Juan F. Ibarra,Santiago del Estero,1172,-28.1114722222,-63.1913055556,30/11/16,Conectado
2980,CORRIENTES - LA PAZ,CORRIENTES - BELLA VISTA,San Lorenzo,Saladas,Corrientes,2569,-28.1355722222,-58.7649444444,27/12/16,Conectado
1810,ACHERAL - LA RIOJA,RUMI PUNCO - SAN FERNANDO del VALLE de CATAMARCA,La Merced,Paclín,Catamarca,1759,-28.1543611111,-65.6603388889,19/10/18,Conectado
3776,SANTIAGO del ESTERO - VILLA SAN MARTIN,,VILLA SAN MARTIN (EST. LORETO),Loreto,Santiago del Estero,11546,-28.30225,-64.1882555556,06/04/18,Conectado
635,TOSTADO - RESISTENCIA,VERA - RESISTENCIA,Cañada Ombu,Vera,Santa Fe,518,-28.3080277,-59.9988333,07/12/17,Conectado
183,SANTA MARIA - ALPASINCHE,BELEN - ALPASINCHE,Alpasinche,San Blas de Los Sauces,La Rioja,4114,-28.3198416667,-67.0532,29/12/16,Conectado
1911,VILLA SAN MARTIN - SAN PEDRO,,Laprida,Choya,Santiago del Estero,1197,-28.3782444444,-64.5288111111,06/04/18,Conectado
251,SANTIAGO del ESTERO - TOSTADO,CLODOMIRA - AÑATUYA,Añatuya,General Taboada,Santiago del Estero,23286,-28.4635,-62.8386388889,08/03/16,Conectado
519,CORRIENTES - LA PAZ,CORRIENTES - BELLA VISTA,Bella Vista,Bella Vista,Corrientes,29071,-28.517925,-59.0373611111,31/03/17,Conectado
136,ALPASINCHE - LA RIOJA,AIMOGASTA - LA RIOJA 1G,Aimogasta,Arauco,La Rioja,12249,-28.5551305556,-66.8177138889,23/03/18,Conectado
1503,TOSTADO - RESISTENCIA,VERA - RESISTENCIA,Golondrina,Vera,Santa Fe,563,-28.5561388,-60.0248888,30/11/17,Conectado
1319,SANTIAGO del ESTERO - TOSTADO,AÑATUYA - BANDERA,Estacion Tacañitas,General Taboada,Santiago del Estero,1060,-28.6247916667,-62.6057333333,30/11/16,Conectado
1398,VILLA SAN MARTIN - SAN PEDRO,,Frias,Choya,Santiago del Estero,26649,-28.6326166667,-65.1257305556,06/04/18,Conectado
1633,TOSTADO - RESISTENCIA,VERA - RESISTENCIA,Intiyaco,Vera,Santa Fe,1132,-28.6802222222,-60.0690277778,30/11/17,Conectado
323,SANTIAGO del ESTERO - TOSTADO,AÑATUYA - BANDERA,Averias,General Taboada,Santiago del Estero,371,-28.7452416,-62.4497777,26/01/18,Conectado
2104,ALPASINCHE - LA RIOJA,AIMOGASTA - LA RIOJA 1G,Los Molinos,Castro Barros,La Rioja,244,-28.7454888889,-66.9319638889,20/07/18,Conectado
841,TOSTADO - RESISTENCIA,VERA - RESISTENCIA,Colmena,Vera,Santa Fe,141,-28.7584722,-60.0881388,30/11/17,Conectado
1706,TOSTADO - RESISTENCIA,VERA - RESISTENCIA,Kilometro 115,Vera,Santa Fe,182,-28.8255277,-60.2240277,23/11/17,Conectado
362,SANTIAGO del ESTERO - TOSTADO,AÑATUYA - BANDERA,Bandera,Belgrano,Santiago del Estero,6536,-28.8879166667,-62.2674444444,08/03/16,Conectado
2604,TOSTADO - RESISTENCIA,VERA - RESISTENCIA,Pozo de Los Indios,Vera,Santa Fe,440,-28.9422222222,-60.2488888889,23/11/17,Conectado
1411,TOSTADO - RESISTENCIA,VERA - RESISTENCIA,Garabato,Vera,Santa Fe,995,-28.9539444,-60.1411944,23/11/17,Conectado
1535,SANTIAGO del ESTERO - TOSTADO,BANDERA - TOSTADO,Guardia Escolta,Belgrano,Santiago del Estero,894,-28.9858666,-62.1283944,04/01/18,Conectado
2467,TOSTADO - RESISTENCIA,VERA - RESISTENCIA,Paraje 29,Vera,Santa Fe,185,-29.1031388,-60.2363888,23/11/17,Conectado
1378,SANTIAGO del ESTERO - TOSTADO,BANDERA - TOSTADO,Fortin Inca,Belgrano,Santiago del Estero,487,-29.1283083,-61.9381555,27/07/18,Conectado
785,ALPASINCHE - PATQUIA,CHILECITO - PATQUÍA,Chilecito,Chilecito,La Rioja,33724,-29.1609722222,-67.4947222222,29/12/16,Conectado
1510,CORRIENTES - LA PAZ,BELLA VISTA - GOYA,Goya,Goya,Corrientes,71606,-29.1616166667,-59.2482777778,24/05/17,Conectado
3271,SANTIAGO del ESTERO - TOSTADO,BANDERA - TOSTADO,Tostado,9 de Julio,Santa Fe,14582,-29.2286666667,-61.7772777778,08/03/16,Conectado
2119,TOSTADO - RESISTENCIA,TOSTADO - VERA,Los Pumas,Vera,Santa Fe,5,-29.263925,-61.0172194,21/09/17,Conectado
3253,TOSTADO - RESISTENCIA,VERA - RESISTENCIA,Toba,Vera,Santa Fe,266,-29.2669722,-60.1696111,23/11/17,Conectado
2646,TOSTADO - RESISTENCIA,TOSTADO - VERA,Pueblo Santa Lucia,Vera,Santa Fe,185,-29.2828833,-60.4022583,21/09/17,Conectado
2758,DEAN FUNES - FRIAS,DEAN FUNES - QUIROS,Recreo,La Paz,Catamarca,11847,-29.2864166667,-65.0555277778,06/04/18,Conectado
2367,ALPASINCHE - PATQUIA,CHILECITO - PATQUÍA,Nonogasta,Chilecito,La Rioja,6937,-29.3017055556,-67.5067694444,19/01/18,Conectado
3585,PATQUIA - SAN JUAN,VILLA UNION - PAGANCILLO,Villa Union,Coronel Felipe Varela,La Rioja,4931,-29.3189388889,-68.2299472222,17/02/17,Conectado
3650,LA RIOJA - PATQUIA,La Rioja EDT - Estacion Transener La Rioja,La Rioja EDT,Capital,La Rioja,199979,-29.4262277778,-66.8732638889,29/12/16,Conectado
3343,TOSTADO - RESISTENCIA,TOSTADO - VERA,Vera,Vera,Santa Fe,19185,-29.4662777778,-60.1972222222,03/05/17,Conectado
2036,TOSTADO - RAFAELA,TOSTADO - CERES,Logroño,9 de Julio,Santa Fe,630,-29.5028611111,-61.6968333333,30/11/16,Conectado
1532,PATQUIA - SAN JUAN,GUANDACOL - HUACO,Guandacol,Coronel Felipe Varela,La Rioja,2525,-29.5259472222,-68.5540333333,17/02/17,Conectado
1780,TOSTADO - RESISTENCIA,TOSTADO - VERA,La Gallareta,Vera,Santa Fe,2189,-29.5849416667,-60.3677333333,31/03/17,Conectado
2324,TOSTADO - RAFAELA,TOSTADO - CERES,Montefiore,9 de Julio,Santa Fe,146,-29.6658333333,-61.8660277778,23/03/18,Conectado
2214,TOSTADO - RESISTENCIA,TOSTADO - VERA,Margarita,Vera,Santa Fe,3534,-29.6911333,-60.2478166,21/09/17,Conectado
3146,SELVA - VILMER,,Selva,Rivadavia,Santiago del Estero,2878,-29.7636111111,-62.0476666667,31/05/17,Conectado
2150,DEAN FUNES - FRIAS,DEAN FUNES - QUIROS,Lucio V Mansilla,Tulumba,Cordoba,782,-29.8048527778,-64.7097416667,06/04/18,Conectado
736,TOSTADO - RAFAELA,TOSTADO - CERES,Ceres,San Cristóbal,Santa Fe,14499,-29.8639722222,-61.9490833333,22/12/15,Conectado
1565,TOSTADO - RAFAELA,CERES - ARRUFO,Hersilia,San Cristóbal,Santa Fe,2780,-29.9989861,-61.8552777,13/07/17,Conectado
1293,CORRIENTES - LA PAZ,GOYA - ESQUINA,Esquina,Esquina,Corrientes,19081,-30.01525,-59.5284444444,27/07/17,Conectado
2500,ALPASINCHE - PATQUIA,CHILECITO - PATQUÍA,Patquia,Independencia,La Rioja,1808,-30.0445361111,-66.8787222222,29/12/16,Conectado
1855,TOSTADO - RAFAELA,CERES - ARRUFO,La Rubia,San Cristóbal,Santa Fe,299,-30.1113388,-61.7928666,05/10/17,Conectado
1580,PATQUIA - SAN JUAN,HUACO - SAN JOSE de JACHAL,Huaco,Jáchal,San Juan,1454,-30.15745,-68.4848055556,17/02/17,Conectado
1864,PATQUIA - SAN JUAN,EL CHIFLON - BALDE DEL ROSARIO,La Torre - El Chiflon,Independencia,La Rioja,32,-30.2044833,-67.6024333,28/03/17,Conectado
3580,TOSTADO - RAFAELA,CERES - ARRUFO,Villa Trinidad,San Cristóbal,Santa Fe,2606,-30.2114166,-61.8750277,14/12/17,Conectado
2717,DEAN FUNES - FRIAS,DEAN FUNES - QUIROS,Quilino,Ischilín,Cordoba,4092,-30.2135722,-64.4961444,07/09/18,Conectado
304,TOSTADO - RAFAELA,CERES - ARRUFO,Arrufo,San Cristóbal,Santa Fe,1764,-30.2316388889,-61.7272777778,22/12/15,Conectado
2965,PATQUIA - SAN JUAN,SAN JOSE de JACHAL - NIQUIVIL,San Jose de Jachal,Jáchal,San Juan,10940,-30.2339444444,-68.747,15/09/16,Conectado
2947,ET MERCEDES - CONCEPCION del URUGUAY,LA PAZ - CHAJARI 10G,San Jaime de La Frontera,Federación,Entre Rios,4143,-30.3403611,-58.3165555,16/02/18,Conectado
757,PATQUIA - SERREZUELA,PATQUIA - SERREZUELA,Chamical,Chamical,La Rioja,12919,-30.3670833333,-66.3125277778,10/08/18,Conectado
2964,LA PAZ - CHAJARI,LA PAZ - CHAJARI 10G,San Jose de Feliciano,Feliciano,Entre Rios,10282,-30.3841944,-58.7501666,27/07/17,Conectado
1051,TOSTADO - RAFAELA,ARRUFO - PALACIOS,Curupayti,San Cristóbal,Santa Fe,220,-30.3949444,-61.65325,21/12/17,Conectado
1065,CORDOBA - SERREZUELA,CORDOBA - DEAN FUNES 1G,Dean Funes,Ischilín,Cordoba,21211,-30.4228944444,-64.3571611111,31/03/17,Conectado
3041,LA PAZ - CHAJARI,LA PAZ - CHAJARI 10G,San Victor,Feliciano,Entre Rios,325,-30.489175,-59.0331944444,21/09/18,Conectado
2303,TOSTADO - RAFAELA,ARRUFO - PALACIOS,Monigotes,San Cristóbal,Santa Fe,347,-30.4918361,-61.633875,14/12/17,Conectado
2087,LA PAZ - CHAJARI,LA PAZ - CHAJARI 10G,Los Conquistadores,Federación,Entre Rios,1177,-30.5883055556,-58.4674805556,26/01/18,Conectado
3151,CORDOBA - SERREZUELA,DEAN FUNES - SERREZUELA,Serrezuela,Cruz del Eje,Cordoba,2441,-30.6389722222,-65.3926833333,20/05/17,Conectado
866,TOSTADO - RAFAELA,PALACIOS - SUNCHALES,Colonia Bossi,San Cristóbal,Santa Fe,111,-30.6690805,-61.7890694,17/08/17,Conectado
2938,LA PAZ - CHAJARI,LA PAZ - CHAJARI 10G,San Gustavo,La Paz,Entre Rios,1325,-30.6895833,-59.3937222,27/07/17,Conectado
3430,CORDOBA - SERREZUELA,CORDOBA - DEAN FUNES 10G,Villa del Totoral,Totoral,Cordoba,8211,-30.7038437425,-64.0682991779,15/06/17,Conectado
2432,TOSTADO - RAFAELA,ARRUFO - PALACIOS,Palacios,San Cristóbal,Santa Fe,245,-30.7079444444,-61.6210277778,22/12/15,Conectado
2297,TOSTADO - RAFAELA,PALACIOS - SUNCHALES,Moises Ville,San Cristóbal,Santa Fe,2318,-30.7191916,-61.4709638,14/09/17,Conectado
1040,CORDOBA - SERREZUELA,DEAN FUNES - SERREZUELA,Cruz del Eje,Cruz del Eje,Cordoba,30680,-30.7242055556,-64.8005583333,03/05/17,Conectado
1825,LA PAZ - PARANA,LA PAZ - PARANA,La Paz,La Paz,Entre Rios,24307,-30.73535,-59.6342361111,20/07/17,Conectado
1396,LA PAZ - CHAJARI,LA PAZ - CHAJARI 10G,Freitas San Pedro,Federación,Entre Rios,277,-30.7551527778,-58.0794472222,24/08/18,Conectado
754,LA PAZ - CHAJARI,LA PAZ - CHAJARI 10G,Chajari,Federación,Entre Rios,32734,-30.7557444444,-57.9885055556,31/07/17,Conectado
910,LA PAZ - CHAJARI,LA PAZ - CHAJARI 10G,Colonia Peña,Federación,Entre Rios,58,-30.8014666667,-58.18865,24/08/18,Conectado
914,TOSTADO - RAFAELA,PALACIOS - SUNCHALES,Colonia Raquel,Castellanos,Santa Fe,123,-30.8363055556,-61.4901138889,15/06/17,Conectado
3201,TOSTADO - RAFAELA,PALACIOS - SUNCHALES,Tacural,Castellanos,Santa Fe,1169,-30.843125,-61.5899888,24/05/17,Conectado
3417,CORDOBA - SERREZUELA,DEAN FUNES - SERREZUELA,Villa de Soto,Cruz del Eje,Cordoba,9628,-30.8540555556,-65.0138333333,31/08/18,Conectado
3191,TOSTADO - RAFAELA,PALACIOS - SUNCHALES,Sunchales,Castellanos,Santa Fe,20537,-30.946,-61.5476111111,22/12/15,Conectado
1663,CORDOBA - SERREZUELA,CORDOBA - DEAN FUNES 10G,Jesus Maria,Colón,Cordoba,31602,-30.9863861111,-64.0903611111,24/05/17,Conectado
315,TOSTADO - RAFAELA,SUNCHALES - RAFAELA,Ataliva,Castellanos,Santa Fe,1680,-31.0005638889,-61.4325805556,03/08/18,Conectado
2274,SAN JUAN - SERREZUELA,CAUCETE - SERREZUELA 10G,Milagro,General Ocampo,La Rioja,3494,-31.0082777778,-65.9910583333,02/03/18,Conectado
1109,TOSTADO - RAFAELA,SUNCHALES - RAFAELA,Egusquiza,Castellanos,Santa Fe,279,-31.0943611,-61.6267555,21/09/17,Conectado
2017,TOSTADO - RAFAELA,SUNCHALES - RAFAELA,Lehmann,Castellanos,Santa Fe,2416,-31.1233222,-61.4497194,24/08/17,Conectado
2618,TOSTADO - RAFAELA,SUNCHALES - RAFAELA,Presidente Roca,Castellanos,Santa Fe,524,-31.2091638,-61.61405,24/08/17,Conectado
2728,TOSTADO - RAFAELA,SUNCHALES - RAFAELA,Rafaela EDT,Castellanos,Santa Fe,91571,-31.2261388889,-61.4699166667,15/09/15,Conectado
2481,CORDOBA - SERREZUELA,CORDOBA - DEAN FUNES 10G,Parque Norte - Ciudad de Los Nidos - Vil,Colón,Cordoba,5996,-31.2954888889,-64.1757833333,05/10/18,Conectado
2796,RAFAELA - CORDOBA,ARROYITO - CORDOBA,Rio Primero,Río Primero,Cordoba,7044,-31.3348055556,-63.6211111111,04/01/18,Conectado
3559,RAFAELA - CORDOBA,RAFAELA - SAN FRANCISCO,Villa San Jose,Castellanos,Santa Fe,220,-31.3367416667,-61.620825,28/09/18,Conectado
2384,SANTA FE - RAFAELA,ESPERANZA - RAFAELA,Nuevo Torino,Las Colonias,Santa Fe,425,-31.343045,-61.235673,20/04/18,Conectado
780,SAN JUAN - SERREZUELA,CAUCETE - SERREZUELA 10G,Chepes,Rosario Vera Peñaloza,La Rioja,11039,-31.3445666667,-66.5768861111,30/03/18,Conectado
1596,SANTA FE - RAFAELA,ESPERANZA - RAFAELA,Humboldt,Las Colonias,Santa Fe,3999,-31.4001083333,-61.0813805556,30/03/18,Conectado
285,RAFAELA - CORDOBA,SAN FRANCISCO - ARROYITO,Arroyito,San Justo,Cordoba,22147,-31.415964,-63.04461,04/01/18,Conectado
2922,RAFAELA - CORDOBA,RAFAELA - SAN FRANCISCO,San Francisco,San Justo,Cordoba,61750,-31.4200388889,-62.0866166667,04/01/18,Conectado
646,RAFAELA - CORDOBA,ARROYITO - CORDOBA,Capilla de Los Remedios,Río Primero,Cordoba,797,-31.4296972222,-63.8322305556,28/09/18,Conectado
978,ROSARIO - CORDOBA,ARROYITO - CORDOBA,Cordoba,Capital,Cordoba,1317298,-31.4391944444,-64.1897805556,21/12/15,Conectado
1289,SANTA FE - RAFAELA,SANTA FE - ESPERANZA,Esperanza,Las Colonias,Santa Fe,40145,-31.4540305556,-60.9443361111,28/01/16,Conectado
2209,SAN JUAN - SERREZUELA,CAUCETE - SERREZUELA 10G,Marayes,Caucete,San Juan,99,-31.46315,-67.3507833333,16/03/18,Conectado
2975,SAN JUAN - MENDOZA,SAN JUAN - CAUCETE NORTE,San Juan,Capital,San Juan,109123,-31.5171555556,-68.5119666667,15/09/16,Conectado
1434,CONCORDIA - VILLAGUAY,CONCORDIA - SAN SALVADOR,General Campos,San Salvador,Entre Rios,2994,-31.5268333333,-58.4085277778,04/05/18,Conectado
488,SAN JUAN - MENDOZA,SAN JUAN - CAUCETE NORTE,Barrio Sadop,San Martín,San Juan,771,-31.5349666,-68.3983333,13/04/18,Conectado
738,LA PAZ - PARANA,LA PAZ - PARANA,Cerrito,Paraná,Entre Rios,5310,-31.5739777778,-60.0770916667,17/10/16,Conectado
1392,SANTA FE - RAFAELA,SANTA FE - ESPERANZA,Franck,Las Colonias,Santa Fe,5109,-31.5802777778,-60.9391666667,23/03/18,Conectado
1993,SAN JUAN - MENDOZA,SAN JUAN - CAUCETE NORTE,Las Talas - Los Medanos,Caucete,San Juan,805,-31.5944444444,-68.2747222222,30/11/17,Conectado
3032,CONCORDIA - VILLAGUAY,CONCORDIA - SAN SALVADOR,San Salvador,San Salvador,Entre Rios,12733,-31.6243055556,-58.5151111111,27/07/17,Conectado
3068,SANTA FE - RAFAELA,SANTA FE - ESPERANZA,Santa Fe,Capital,Santa Fe,391164,-31.6400694444,-60.6673888889,15/09/15,Conectado
716,SAN JUAN - MENDOZA,SAN JUAN - CAUCETE NORTE,Caucete,Caucete,San Juan,28222,-31.6434444444,-68.2863277778,15/09/16,Conectado
2217,CRESPO - EL PINGO,CRESPO - HASENKAMP 10G,Maria Grande,Paraná,Entre Rios,7557,-31.6641638889,-59.8993361111,03/05/17,Conectado
1228,PATQUIA - SAN JUAN,SAN JUAN - VILLA IBAÑEZ,El Rincon,Caucete,San Juan,1252,-31.6651166,-68.3200833,30/03/18,Conectado
95,SAN JUAN - SERREZUELA,SAN JUAN - CAUCETE SUR,9 de Julio,9 de Julio,San Juan,3484,-31.6676305556,-68.3876888889,31/05/18,Conectado
1695,CONCORDIA - VILLAGUAY,SAN SALVADOR - VILLAGUAY,Jubileo,Villaguay,Entre Rios,631,-31.7334444444,-58.6335277778,11/05/18,Conectado
3180,CRESPO - EL PINGO,CRESPO - HASENKAMP 1G,Estacion Sosa,Paraná,Entre Rios,495,-31.7383555556,-59.9100666667,07/09/18,Conectado
2475,LA PAZ - PARANA,PARANA - HASENKAMP,Parana,Paraná,Entre Rios,247139,-31.7402,-60.5343888889,07/03/16,Conectado
3571,SAN JUAN - MENDOZA,CAUCETE - VILLA MEDIA AGUA II,Villa Santa Rosa,25 de Mayo,San Juan,3460,-31.7455555556,-68.315,13/04/18,Conectado
3441,SAN JUAN - MENDOZA,CAUCETE - VILLA MEDIA AGUA,Villa El Tango,25 de Mayo,San Juan,1367,-31.7480555556,-68.2419444444,27/04/18,Conectado
3138,ROSARIO - SANTA FE,GRANADERO BAIGORRIA - SANTA FE,Sauce Viejo,Capital,Santa Fe,7953,-31.7716666667,-60.8366666667,02/03/18,Conectado
3197,CRESPO - EL PINGO,CRESPO - HASENKAMP 1G,Tabossi,Paraná,Entre Rios,1322,-31.8008472222,-59.9892833333,07/09/18,Conectado
2488,VILLAGUAY - GOBERNADOR SOLA,VILLAGUAY - GOBERNADOR SOLA,Paso de La Laguna,Villaguay,Entre Rios,348,-31.8015833333,-59.1591388889,25/05/18,Conectado
2420,PARANA - NOGOYA,ORO VERDE - CRESPO II,Oro Verde,Paraná,Entre Rios,4116,-31.8299611111,-60.5209888889,27/07/17,Conectado
3402,CONCORDIA - VILLAGUAY,SAN SALVADOR - VILLAGUAY,Villa Clara,Villaguay,Entre Rios,2726,-31.8305166667,-58.8240833333,25/05/18,Conectado
3594,CONCORDIA - VILLAGUAY,SAN SALVADOR - VILLAGUAY,Villaguay,Villaguay,Entre Rios,32881,-31.8636888889,-59.0348611111,31/07/17,Conectado
883,ORO VERDE - CRESPO,ORO VERDE - CRESPO,Colonia Ensayo,Diamante,Entre Rios,255,-31.8651666667,-60.5759166667,20/07/18,Conectado
3239,PARANA - NOGOYA,ORO VERDE - CRESPO II,Tezanos Pintos,Paraná,Entre Rios,198,-31.8690777,-60.494575,10/08/17,Conectado
1076,ROSARIO - SANTA FE,GRANADERO BAIGORRIA - SANTA FE,Desvio Arijon,San Jerónimo,Santa Fe,946,-31.8720893,-60.8884886,23/02/18,Conectado
3347,CRESPO - EL PINGO,CRESPO - HASENKAMP 10G,Viale,Paraná,Entre Rios,9383,-31.87345,-60.0074722222,03/05/17,Conectado
152,PARANA - NOGOYA,ORO VERDE - CRESPO II,Aldea Maria Luisa,Paraná,Entre Rios,773,-31.88475,-60.4115916667,06/07/18,Conectado
148,ORO VERDE - CRESPO,ORO VERDE - CRESPO,Aldea Brasilera,Diamante,Entre Rios,895,-31.8919444,-60.5854444,25/05/18,Conectado
3452,PARANA - NOGOYA,ORO VERDE - CRESPO II,Villa Fontana,Paraná,Entre Rios,160,-31.9046805,-60.4750833,17/08/17,Conectado
2318,CORDOBA - RIO CUARTO,CORDOBA - CORRALITO,Monte Ralo,Santa María,Cordoba,518,-31.9085333,-64.2414083,26/01/18,Conectado
2413,ROSARIO - CORDOBA,VILLA MARIA - CORDOBA,Oncativo,Río Segundo,Cordoba,13180,-31.9096666,-63.6810277,05/10/18,Conectado
1315,VILLAGUAY - GOBERNADOR SOLA,VILLAGUAY - GOBERNADOR SOLA,Estacion Raices,Villaguay,Entre Rios,138,-31.91,-59.2599444444,22/06/18,Conectado
2472,ORO VERDE - CRESPO,ORO VERDE - CRESPO,Paraje La Virgen,Diamante,Entre Rios,59,-31.9156527778,-60.6518305556,06/07/18,Conectado
154,ORO VERDE - CRESPO,ORO VERDE - CRESPO,Aldea Salto,Diamante,Entre Rios,102,-31.9264166667,-60.54625,14/09/18,Conectado
3456,PARANA - NOGOYA,ORO VERDE - CRESPO II,Villa Gdor. Luis F. Etchevehere,Paraná,Entre Rios,215,-31.9329722,-60.4276944,10/08/17,Conectado
163,ORO VERDE - CRESPO,ORO VERDE - CRESPO,Aldea Spatzenkutter,Diamante,Entre Rios,355,-31.9467583333,-60.5818027778,11/05/18,Conectado
1622,VILLAGUAY - BASAVILBASO,VILLAGUAY - GOBERNADOR SOLA II,Ingeniero Miguel Sajaroff,Villaguay,Entre Rios,399,-31.9560833333,-58.8475833333,10/08/18,Conectado
159,CRESPO - EL PINGO,CRESPO - HASENKAMP 1G,Aldea San Rafael,Paraná,Entre Rios,144,-31.9575777778,-60.2540416667,03/08/18,Conectado
3144,CRESPO - EL PINGO,CRESPO - HASENKAMP 10G,Segui,Paraná,Entre Rios,3695,-31.9606027,-60.1254222,15/06/17,Conectado
156,ORO VERDE - CRESPO,ORO VERDE - CRESPO,Aldea San Francisco,Diamante,Entre Rios,42,-31.9619166667,-60.6358138889,13/07/18,Conectado
981,ROSARIO - SANTA FE,GRANADERO BAIGORRIA - SANTA FE,Coronda,San Jerónimo,Santa Fe,16873,-31.9686611111,-60.9324305556,02/03/18,Conectado
3515,SAN JUAN - MENDOZA,CAUCETE - VILLA MEDIA AGUA,Villa Media Agua,Sarmiento,San Juan,7983,-31.9825833333,-68.41995,25/04/16,Conectado
1467,PARANA - NOGOYA,ORO VERDE - CRESPO II,General Racedo,Diamante,Entre Rios,540,-31.9853666,-60.4079833,10/08/17,Conectado
164,ORO VERDE - CRESPO,ORO VERDE - CRESPO,Aldea Valle Maria,Diamante,Entre Rios,2149,-31.9866138889,-60.5849694444,13/07/18,Conectado
1107,VILLAGUAY - GOBERNADOR SOLA,VILLAGUAY - GOBERNADOR SOLA,Durazno,Tala,Entre Rios,294,-31.9888972222,-59.2812222222,29/06/18,Conectado
162,CRESPO - EL PINGO,CRESPO - HASENKAMP 1G,Aldea Santa Rosa,Paraná,Entre Rios,71,-32.0135055556,-60.2402416667,25/05/18,Conectado
1010,CORDOBA - RIO CUARTO,CORDOBA - CORRALITO,Corralito,Tercero Arriba,Cordoba,1727,-32.02675,-64.1963777778,06/01/16,Conectado
153,ORO VERDE - CRESPO,ORO VERDE - CRESPO,Aldea Protestante,Diamante,Entre Rios,519,-32.0283888889,-60.5657777778,14/09/18,Conectado
2406,ROSARIO - CORDOBA,VILLA MARIA - CORDOBA,Oliva,Tercero Arriba,Cordoba,11672,-32.03668379,-63.57082807,28/09/18,Conectado
1029,PARANA - NOGOYA,ORO VERDE - CRESPO II,Crespo,Paraná,Entre Rios,19536,-32.0445111111,-60.3031194444,07/03/16,Conectado
3496,ORO VERDE - CRESPO,ORO VERDE - CRESPO 10G,Villa Libertador San Martin,Diamante,Entre Rios,6312,-32.0666666667,-60.4516666667,22/06/18,Conectado
1080,ORO VERDE - CRESPO,ORO VERDE - CRESPO 10G,Diamante,Diamante,Entre Rios,19142,-32.071731,-60.631136,23/02/18,Conectado
1094,CRESPO - EL PINGO,CRESPO - HASENKAMP 1G,Don Cristobal,Nogoyá,Entre Rios,29,-32.0722444444,-59.9941,31/05/18,Conectado
278,ROSARIO - SANTA FE,GRANADERO BAIGORRIA - SANTA FE,Arocena,San Jerónimo,Santa Fe,1608,-32.0792611111,-60.9787555556,06/04/18,Conectado
1534,VILLAGUAY - GOBERNADOR SOLA,VILLAGUAY - GOBERNADOR SOLA,Guardamonte,Tala,Entre Rios,101,-32.0848333333,-59.3080277778,11/05/18,Conectado
1973,VILLAGUAY - BASAVILBASO,VILLAGUAY - GOBERNADOR SOLA II,Las Moscas,Uruguay,Entre Rios,383,-32.0905555556,-58.9580833333,18/05/18,Conectado
187,VILLAGUAY - GOBERNADOR SOLA,VILLAGUAY - GOBERNADOR SOLA,Altamirano Sur,Tala,Entre Rios,62,-32.0938333,-59.1748333,28/09/18,Conectado
1302,PARANA - NOGOYA,CRESPO - GENERAL RAMIREZ,Estacion Camps,Diamante,Entre Rios,171,-32.1110277,-60.2281944,02/02/18,Conectado
2918,ROSARIO - SANTA FE,GRANADERO BAIGORRIA - SANTA FE,San Fabian,San Jerónimo,Santa Fe,820,-32.1361944444,-60.9819444444,27/07/17,Conectado
1468,PARANA - NOGOYA,CRESPO - GENERAL RAMIREZ,General Ramirez,Diamante,Entre Rios,8868,-32.1691944444,-60.1995277778,07/03/16,Conectado
2167,VILLAGUAY - GOBERNADOR SOLA,VILLAGUAY - GOBERNADOR SOLA,Macia,Tala,Entre Rios,5870,-32.1703888889,-59.3962777778,16/02/18,Conectado
3052,VILLAGUAY - BASAVILBASO,VILLAGUAY - GOBERNADOR SOLA II,Santa Anita,Uruguay,Entre Rios,1187,-32.1788055556,-58.7895555556,29/06/18,Conectado
3565,VILLAGUAY - BASAVILBASO,VILLAGUAY - GOBERNADOR SOLA II,Villa San Marcial,Uruguay,Entre Rios,639,-32.1799722222,-58.9296944444,18/05/18,Conectado
376,ROSARIO - SANTA FE,GRANADERO BAIGORRIA - SANTA FE,Barrancas,San Jerónimo,Santa Fe,4650,-32.2325,-60.9905555556,20/04/18,Conectado
3213,CORDOBA - RIO CUARTO,RIO TERCERO - HERNANDO,Tancacha,Tercero Arriba,Cordoba,5298,-32.2343944,-63.9836611,14/12/17,Conectado
259,PARANA - NOGOYA,GENERAL RAMIREZ - NOGOYA,Aranguren,Nogoyá,Entre Rios,1571,-32.2444861,-60.155875,10/08/17,Conectado
2022,VILLAGUAY - BASAVILBASO,VILLAGUAY - GOBERNADOR SOLA II,Libaros,Uruguay,Entre Rios,230,-32.25975,-58.9090833333,29/06/18,Conectado
2830,BASAVILVASO - GOBERNADOR SOLA,VILLAGUAY - GOBERNADOR SOLA II,Rosario del Tala,Tala,Entre Rios,12801,-32.3031972222,-59.1310138889,18/05/18,Conectado
1558,PARANA - NOGOYA,GENERAL RAMIREZ - NOGOYA,Hernandez,Nogoyá,Entre Rios,1510,-32.333278,-60.025278,17/08/17,Conectado
1496,CONCEPCION - ROSARIO,GOBERNADOR SOLA - GENERAL GALARZA,Gobernador Sola,Tala,Entre Rios,491,-32.3375,-59.3703333333,04/04/16,Conectado
2811,BASAVILVASO - GOBERNADOR SOLA,VILLAGUAY - GOBERNADOR SOLA II,Rocamora,Uruguay,Entre Rios,281,-32.3418555556,-58.9686666667,27/07/18,Conectado
1327,CONCEPCION - ROSARIO,CONCEPCION DEL URUGUAY - GUALEGUAYCHU,Estancia San Pedro,Uruguay,Entre Rios,67,-32.3424694444,-58.6483277778,22/06/18,Conectado
2304,ROSARIO - SANTA FE,GRANADERO BAIGORRIA - SANTA FE,Monje,San Jerónimo,Santa Fe,1838,-32.3533333333,-60.9433333333,04/05/18,Conectado
508,CONCEPCION - ROSARIO,VILLAGUAY - GOBERNADOR SOLA II,Basavilbaso,Uruguay,Entre Rios,9485,-32.3711722222,-58.8784583333,20/10/16,Conectado
544,PARANA - NOGOYA,GENERAL RAMIREZ - NOGOYA,Betbeder,Nogoyá,Entre Rios,145,-32.373275,-59.9277555,15/06/17,Conectado
2147,CONCEPCION - ROSARIO,NOGOYA - GOBERNADOR SOLA,Lucas Gonzalez,Nogoyá,Entre Rios,4364,-32.3888055,-59.5287722,25/08/17,Conectado
3617,CONCEPCION - ROSARIO,NOGOYA - GOBERNADOR SOLA,20 de Septiembre,Nogoyá,Entre Rios,187,-32.3908194,-59.6616083,24/08/17,Conectado
1486,CONCEPCION - ROSARIO,GOBERNADOR SOLA - GENERAL GALARZA,Gobernador Echagüe,Tala,Entre Rios,201,-32.3945333,-59.2751416,07/06/17,Conectado
3507,CONCEPCION - ROSARIO,CONCEPCION DEL URUGUAY - GUALEGUAYCHU,Villa Mantero,Uruguay,Entre Rios,1427,-32.3946666,-58.7467222,31/08/17,Conectado
2365,CONCEPCION - ROSARIO,VICTORIA - NOGOYA,Nogoya,Nogoyá,Entre Rios,22824,-32.3955080556,-59.7825694444,07/03/16,Conectado
1560,,,Hernando Ciudad,Tercero Arriba,Cordoba,10614,-32.42419604,-63.7362326,14/12/17,Conectado
3510,ROSARIO - CORDOBA,LEONES - VILLA MARIA 1G,Villa Maria,General San Martín,Cordoba,79351,-32.4246305556,-63.3089166667,03/09/15,Conectado
1562,CONCEPCION - ROSARIO,CONCEPCION DEL URUGUAY - GUALEGUAYCHU,Herrera,Uruguay,Entre Rios,1251,-32.4343916,-58.6362166,12/10/17,Conectado
3563,CONCEPCION - ROSARIO,CONCEPCION DEL URUGUAY - GUALEGUAYCHU,Villa San Justo,Uruguay,Entre Rios,1337,-32.4460833,-58.4324194,24/08/17,Conectado
2168,ROSARIO - SANTA FE,GRANADERO BAIGORRIA - SANTA FE,Maciel,San Jerónimo,Santa Fe,5634,-32.4611111111,-60.8947222222,25/05/18,Conectado
701,CONCEPCION - ROSARIO,CONCEPCION DEL URUGUAY - GUALEGUAYCHU,Caseros,Uruguay,Entre Rios,1948,-32.46175,-58.4742222,17/08/17,Conectado
1952,CONCEPCION - ROSARIO,GOBERNADOR SOLA - GENERAL GALARZA,Las Guachas,Tala,Entre Rios,66,-32.4677222,-59.1731944,15/06/17,Conectado
1487,CONCEPCION - ROSARIO,VICTORIA - NOGOYA,Gobernador Febre,Nogoyá,Entre Rios,127,-32.4748194444,-59.9134194444,31/08/18,Conectado
961,CONCEPCION - ROSARIO,CONCEPCION DEL URUGUAY - GUALEGUAYCHU,Concepcion del Uruguay,Uruguay,Entre Rios,72528,-32.4844638889,-58.25335,13/01/17,Conectado
1990,LAS ROSAS - LOS MOLINOS,CAÑADA de GOMEZ - MARCOS JUAREZ,Las Rosas,Belgrano,Santa Fe,13068,-32.4849805556,-61.5755222222,30/11/16,Conectado
1480,CONCEPCION - ROSARIO,CONCEPCION DEL URUGUAY - GUALEGUAYCHU,Gilbert,Gualeguaychú,Entre Rios,996,-32.537125,-58.9333805556,29/06/18,Conectado
347,ROSARIO - CORDOBA,LEONES - VILLA MARIA 1G,Ballesteros,Unión,Cordoba,3928,-32.54211269,-62.98286118,27/07/17,Conectado
1493,CONCEPCION - ROSARIO,GOBERNADOR SOLA - GENERAL GALARZA,Gobernador Mansilla,Tala,Entre Rios,2046,-32.5477222,-59.3545277,17/05/17,Conectado
1559,CORDOBA - RIO CUARTO,RIO TERCERO - HERNANDO,Hernando,Tercero Arriba,Cordoba,10109,-32.5538666667,-63.5985,23/12/15,Conectado
2409,ROSARIO - SANTA FE,GRANADERO BAIGORRIA - SANTA FE,Oliveros,Iriondo,Santa Fe,3800,-32.569231,-60.853936,06/07/18,Conectado
2334,ROSARIO - CORDOBA,LEONES - VILLA MARIA 1G,Morrison,Unión,Cordoba,3345,-32.5866194444,-62.8345472222,15/06/18,Conectado
516,ROSARIO - CORDOBA,LEONES - VILLA MARIA 10G,Bell Ville,Unión,Cordoba,33835,-32.607289,-62.681134,12/09/16,Conectado
1058,CORDOBA - RIO CUARTO,HERNANDO - LAS PERDICES,Dalmacio Velez,Tercero Arriba,Cordoba,1497,-32.6121833,-63.5784666,22/06/18,Conectado
155,CONCEPCION - ROSARIO,CONCEPCION DEL URUGUAY - GUALEGUAYCHU,Aldea San Antonio,Gualeguaychú,Entre Rios,1091,-32.624134,-58.70305,05/10/18,Conectado
3352,CONCEPCION - ROSARIO,VICTORIA - NOGOYA,Victoria,Victoria,Entre Rios,30623,-32.6301944444,-60.1295527778,07/03/16,Conectado
2989,ROSARIO - CORDOBA,LEONES - VILLA MARIA 1G,San Marcos Sud,Unión,Cordoba,3248,-32.630425,-62.4825861111,07/12/17,Conectado
1300,CONCEPCION - ROSARIO,GOBERNADOR SOLA - GENERAL GALARZA,Estacion Arroyo Cle,Tala,Entre Rios,119,-32.6346694,-59.4015444,07/06/17,Conectado
2020,ROSARIO - CORDOBA,LEONES - VILLA MARIA 1G,Leones,Marcos Juárez,Cordoba,10391,-32.6582638889,-62.300625,16/12/15,Conectado
1618,SAN JUAN - MENDOZA,VILLA TULUMAYA - INGENIERO GUSTAVO ANDRE,Ingeniero Gustavo Andre,Lavalle,Mendoza,288,-32.6767361,-68.3164361,13/07/18,Conectado
1980,LAS ROSAS - LOS MOLINOS,CAÑADA de GOMEZ - MARCOS JUAREZ,Las Parejas,Belgrano,Santa Fe,12375,-32.6782166667,-61.5320194444,20/10/16,Conectado
3316,CONCEPCION - ROSARIO,CONCEPCION DEL URUGUAY - GUALEGUAYCHU,Urdinarrain,Gualeguaychú,Entre Rios,8580,-32.6788333333,-58.8918611111,02/11/17,Conectado
1890,CONCEPCION - ROSARIO,VICTORIA - NOGOYA,Laguna del Pescado,Victoria,Entre Rios,0,-32.6859166667,-60.01425,31/08/18,Conectado
2212,ROSARIO - CORDOBA,CAÑADA de GOMEZ - MARCOS JUAREZ,Marcos Juarez,Marcos Juárez,Cordoba,27004,-32.6928861111,-62.0899833333,19/07/16,Conectado
1983,CORDOBA - RIO CUARTO,HERNANDO - LAS PERDICES,Las Perdices,Tercero Arriba,Cordoba,5084,-32.69505,-63.6996,22/12/15,Conectado
158,CONCEPCION - ROSARIO,CONCEPCION DEL URUGUAY - GUALEGUAYCHU,Aldea San Juan,Gualeguaychú,Entre Rios,179,-32.6975,-58.7674166667,04/05/18,Conectado
503,SAN JUAN - MENDOZA,VILLA TULUMAYA - INGENIERO GUSTAVO ANDRE,Barrio Virgen del Rosario,Lavalle,Mendoza,211,-32.7024666667,-68.313,07/09/18,Conectado
3582,SAN JUAN - MENDOZA,VILLA MEDIA AGUA - VILLA TULUMAYA,Villa Tulumaya,Lavalle,Mendoza,7870,-32.7196638889,-68.5893805556,25/04/16,Conectado
444,SAN JUAN - MENDOZA,VILLA TULUMAYA - INGENIERO GUSTAVO ANDRE,Barrio La Palmera,Lavalle,Mendoza,136,-32.7214972222,-68.5605527778,15/06/18,Conectado
1443,CONCEPCION - ROSARIO,GENERAL GALARZA - GUALEGUAY,General Galarza,Gualeguay,Entre Rios,4741,-32.72915,-59.3933777778,04/04/16,Conectado
569,ROSARIO - CORDOBA,ROSARIO - CAÑADA de GOMEZ,Bustinza,Iriondo,Santa Fe,1098,-32.7351194444,-61.2937527778,01/09/16,Conectado
2981,ROSARIO - SANTA FE,GRANADERO BAIGORRIA - SANTA FE,San Lorenzo,San Lorenzo,Santa Fe,45958,-32.7480555556,-60.7325,03/08/18,Conectado
1018,SAN JUAN - MENDOZA,VILLA TULUMAYA - INGENIERO GUSTAVO ANDRE,Costa de Araujo,Lavalle,Mendoza,2816,-32.7534055,-68.406975,13/07/18,Conectado
1259,SAN JUAN - MENDOZA,VILLA TULUMAYA - MENDOZA,El Vergel,Lavalle,Mendoza,362,-32.7855555,-68.6127777,12/10/17,Conectado
1395,ROSARIO - SANTA FE,GRANADERO BAIGORRIA - SANTA FE,Fray Luis Beltran,San Lorenzo,Santa Fe,15176,-32.7883333333,-60.7288888889,17/08/18,Conectado
1354,CONCEPCION - ROSARIO,CONCEPCION DEL URUGUAY - GUALEGUAYCHU,Faustino M. Parera,Gualeguaychú,Entre Rios,158,-32.8037,-58.881475,29/06/18,Conectado
445,SAN JUAN - MENDOZA,VILLA TULUMAYA - MENDOZA,Barrio La Pega,Lavalle,Mendoza,392,-32.8066666,-68.6652777,12/10/17,Conectado
1433,CORDOBA - RIO CUARTO,GENERAL DEHEZA - RIO CUARTO,General Cabrera,Juárez Celman,Cordoba,11734,-32.8088361,-63.8599305,08/06/18,Conectado
627,ROSARIO - CORDOBA,CAÑADA de GOMEZ - MARCOS JUAREZ,Cañada de Gomez EDT,Iriondo,Santa Fe,29205,-32.8163055556,-61.4125277778,07/07/15,Conectado
2007,SAN JUAN - MENDOZA,VILLA TULUMAYA - MENDOZA,Las Violetas,Lavalle,Mendoza,87,-32.8200027778,-68.6054388889,30/11/17,Conectado
653,ROSARIO - SANTA FE,GRANADERO BAIGORRIA - SANTA FE,Capitan Bermudez,San Lorenzo,Santa Fe,29218,-32.8222222222,-60.7172222222,17/08/18,Conectado
146,CONCEPCION - ROSARIO,GENERAL GALARZA - GUALEGUAY,Aldea Asuncion,Gualeguay,Entre Rios,263,-32.8293611,-59.2266944,15/06/17,Conectado
1424,CONCEPCION - ROSARIO,CONCEPCION DEL URUGUAY - GUALEGUAYCHU,General Almada,Gualeguaychú,Entre Rios,144,-32.837,-58.8055555556,28/09/18,Conectado
983,RIO CUARTO - CORDOBA,CORDOBA - RIO CUARTO,Coronel Baigorria,Río Cuarto,Cordoba,1456,-32.8499906,-64.3612475,28/09/18,Conectado
665,ROSARIO - CORDOBA,ROSARIO - CAÑADA de GOMEZ,Carcaraña,San Lorenzo,Santa Fe,16277,-32.8586583,-61.1443527,28/09/18,Conectado
1517,ROSARIO - SANTA FE,GRANADERO BAIGORRIA - SANTA FE,Granadero Baigorria,Rosario,Santa Fe,36994,-32.8696472222,-60.6994083333,31/03/17,Conectado
1310,CONCEPCION - ROSARIO,GENERAL GALARZA - GUALEGUAY,Estacion Lazo,Gualeguay,Entre Rios,175,-32.8705555,-59.4220555,12/10/17,Conectado
2261,VILLA MERCEDES - MENDOZA,SANTA ROSA - MENDOZA 1G,Mendoza,Capital,Mendoza,114893,-32.8831527778,-68.828325,02/12/15,Conectado
1635,CONCEPCION - ROSARIO,LARROQUE - GUALEGUAYCHU,Irazusta,Gualeguaychú,Entre Rios,298,-32.9275,-58.956,07/06/17,Conectado
3444,LAS ROSAS - LOS MOLINOS,CAÑADA de GOMEZ - MARCOS JUAREZ,Villa Eloisa,Iriondo,Santa Fe,2820,-32.9597805556,-61.5421277778,24/10/16,Conectado
805,CORDOBA - RIO CUARTO,GENERAL DEHEZA - RIO CUARTO,Chucul Ciudad,Río Cuarto,Cordoba,304,-33.010791,-64.1704097,28/09/18,Conectado
1526,CONCEPCION - ROSARIO,LARROQUE - GUALEGUAYCHU,Gualeguaychu,Gualeguaychú,Entre Rios,80614,-33.0121694444,-58.5335194444,29/01/15,Conectado
2825,ROSARIO - SANTA FE,ROSARIO - CAÑADA de GOMEZ,Rosario EDT,Rosario,Santa Fe,948312,-33.0141972222,-60.63,14/12/15,Conectado
8050,CORDOBA - RIO CUARTO,GENERAL DEHEZA - RIO CUARTO,Chucul silica,Río Cuarto,Cordoba,304,-33.0190666667,-64.1831333333,16/03/18,Conectado
1914,CONCEPCION - ROSARIO,GUALEGUAY - LARROQUE,Larroque,Gualeguaychú,Entre Rios,6180,-33.0435277778,-58.9976111111,19/04/16,Conectado
2103,LAS ROSAS - LOS MOLINOS,CAÑADA de GOMEZ - MARCOS JUAREZ,Los Molinos,Capital,Santa Fe,1832,-33.1055555556,-61.3302777778,27/12/16,Conectado
2786,CORDOBA - RIO CUARTO,GENERAL DEHEZA - RIO CUARTO,Rio Cuarto,Río Cuarto,Cordoba,157010,-33.1119194444,-64.2997055556,23/11/17,Conectado
1525,CONCEPCION - ROSARIO,GENERAL GALARZA - GUALEGUAY,Gualeguay,Gualeguay,Entre Rios,40507,-33.1319361111,-59.3171583333,04/04/16,Conectado
1278,CONCEPCION - ROSARIO,GUALEGUAY - LARROQUE,Enrique Carbo,Gualeguaychú,Entre Rios,750,-33.1529916,-59.2115583,24/08/17,Conectado
3055,RIO CUARTO - VILLA MERCEDES,RIO CUARTO - VILLA MERCEDES,Santa Catalina,Río Cuarto,Cordoba,74,-33.207175,-64.433314,12/10/18,Conectado
2680,CONCEPCION - ROSARIO,GUALEGUAY - LARROQUE,Puerto Ruiz,Gualeguay,Entre Rios,347,-33.2212222,-59.3633722,16/03/18,Conectado
3090,VILLA MERCEDES - MENDOZA,SAN LUIS - SANTA ROSA,Santa Rosa ciudad,Santa Rosa,Mendoza,2509,-33.25015,-68.1530388889,30/11/17,Conectado
2984,VILLA MERCEDES - MENDOZA,VILLA MERCEDES - SAN LUIS,San Luis EDT,Juan Martín de Pueyrredón,San Luis,169947,-33.2928666667,-66.2871166667,28/08/15,Conectado
1932,VILLA MERCEDES - MENDOZA,SAN LUIS - SANTA ROSA,Las Catitas,Santa Rosa,Mendoza,3621,-33.3029667,-68.0431278,17/08/18,Conectado
3010,BENAVIDEZ - ROSARIO,BARADERO - SAN NICOLAS DE LOS ARROYOS,San Nicolas de Los Arroyos EDT,San Nicolas,Buenos Aires,133602,-33.3388916667,-60.200925,01/12/15,Conectado
2870,RIO CUARTO - VILLA MERCEDES,RIO CUARTO - VILLA MERCEDES,Sampacho,Río Cuarto,Cordoba,7716,-33.3874138889,-64.7301583333,16/11/17,Conectado
3464,BENAVIDEZ - ROSARIO,BARADERO - SAN NICOLAS DE LOS ARROYOS,Villa General Savio,Ramallo,Buenos Aires,1511,-33.4382777778,-60.1479444444,18/08/16,Conectado
2731,BENAVIDEZ - ROSARIO,BARADERO - SAN NICOLAS DE LOS ARROYOS,Ramallo,Ramallo,Buenos Aires,13319,-33.4933583333,-60.0143361111,06/05/16,Conectado
568,,,Bulnes,Río Cuarto,Cordoba,1051,-33.5015277778,-64.6789722222,28/09/18,Conectado
753,RIO CUARTO - VILLA MERCEDES,RIO CUARTO - VILLA MERCEDES,Chajan,Río Cuarto,Cordoba,767,-33.5534777,-65.0017861,22/06/18,Conectado
1687,RIO CUARTO - VILLA MERCEDES,RIO CUARTO - VILLA MERCEDES,Juan Jorba,General Pedernera,San Luis,201,-33.6138361,-65.2721055,26/10/18,Conectado
3302,SAN RAFAEL - MENDOZA,TUNUYAN - PASO DE LAS CARRETAS,Tunuyan Silica,Tunuyán,Mendoza,28859,-33.6147888889,-69.0206444444,16/11/15,Conectado
998,,,Coronel Moldes,Río Cuarto,Cordoba,9005,-33.6163611111,-64.5925277778,28/09/18,Conectado
3516,RIO CUARTO - VILLA MERCEDES,RIO CUARTO - VILLA MERCEDES,Villa Mercedes,General Pedernera,San Luis,111391,-33.6541777778,-65.4567,28/08/15,Conectado
1241,PERGAMINO - ROSARIO,PERGAMINO - ROSARIO 10G,El Socorro - Villa Angelica,Pergamino,Buenos Aires,1201,-33.6643777778,-60.7079805556,18/08/16,Conectado
2224,PERGAMINO - ROSARIO,PERGAMINO - ROSARIO 10G,Mariano Benitez,Pergamino,Buenos Aires,168,-33.70775,-60.5846666667,18/08/16,Conectado
3341,RUFINO - VENADO TUERTO,RUFINO - VENADO TUERTO 10G,Venado Tuerto,General Lopez,Santa Fe,75437,-33.7536666667,-61.957725,05/10/18,Conectado
109,SAN NICOLAS - PERGAMINO,SAN NICOLAS - PERGAMINO,Acevedo,Pergamino,Buenos Aires,1499,-33.7557416667,-60.4358888889,24/02/16,Conectado
2198,PERGAMINO - ROSARIO,PERGAMINO - ROSARIO 10G,Manuel Ocampo,Pergamino,Buenos Aires,1078,-33.7653861111,-60.6503694444,02/01/16,Conectado
2899,SAN RAFAEL - MENDOZA,TUNUYAN - PASO DE LAS CARRETAS,San Carlos,San Carlos,Mendoza,3886,-33.7713111,-69.0408444,15/06/18,Conectado
1339,SAN RAFAEL - MENDOZA,TUNUYAN - PASO DE LAS CARRETAS,Eugenio Bustos,San Carlos,Mendoza,5591,-33.7741805,-69.060025,15/06/18,Conectado
368,BENAVIDEZ - ROSARIO,ZARATE - BARADERO,Baradero,Baradero,Buenos Aires,28537,-33.810375,-59.5096583333,22/12/15,Conectado
1703,VILLA MERCEDES - RUFINO,VILLA MERCEDES - RUFINO,Justo Daract,General Pedernera,San Luis,10135,-33.8592583333,-65.1814527778,31/03/17,Conectado
2520,BENAVIDEZ - PERGAMINO,ARRECIFES - PERGAMINO,Pergamino,Pergamino,Buenos Aires,91399,-33.8606388889,-60.5714722222,14/12/15,Conectado
786,SAN RAFAEL - MENDOZA,TUNUYAN - PASO DE LAS CARRETAS,Chilecito,San Carlos,Mendoza,1033,-33.8884722222,-69.0691416667,15/06/18,Conectado
1373,BENAVIDEZ - PERGAMINO,ARRECIFES - PERGAMINO,Fontezuela,Pergamino,Buenos Aires,365,-33.911901,-60.458912,18/05/18,Conectado
1679,BENAVIDEZ - PERGAMINO,ARRECIFES - PERGAMINO,Juan Anchorena,Pergamino,Buenos Aires,976,-33.925028,-60.382051,04/05/18,Conectado
3354,VILLA MERCEDES - RUFINO,VILLA MERCEDES - RUFINO,Vicuña Mackenna,Río Cuarto,Cordoba,10021,-33.9258527,-64.3850472,28/03/17,Conectado
3600,BENAVIDEZ - PERGAMINO,ARRECIFES - PERGAMINO,Viña,Arrecifes,Buenos Aires,464,-33.989853,-60.23051,13/07/18,Conectado
1454,VILLA MERCEDES - RUFINO,VILLA MERCEDES - RUFINO,General Levalle,Presidente Roque Sáenz Peña,Cordoba,5697,-34.00695,-63.9153,28/03/17,Conectado
2490,SAN RAFAEL - MENDOZA,TUNUYAN - PASO DE LAS CARRETAS,Paso de Las Carretas Silica,San Carlos,Mendoza,0,-34.01655321,-69.03218549,13/07/18,Conectado
2741,BENAVIDEZ - PERGAMINO,ARRECIFES - PERGAMINO,Rancagua,Pergamino,Buenos Aires,695,-34.030475,-60.5013694444,12/08/16,Conectado
282,BENAVIDEZ - PERGAMINO,SAN ANTONIO DE ARECO - ARRECIFES,Arrecifes ciudad,Arrecifes,Buenos Aires,26400,-34.0666888889,-60.1108916667,03/08/15,Conectado
295,BENAVIDEZ - PERGAMINO,ARRECIFES - PERGAMINO,Arroyo Dulce,Salto,Buenos Aires,1715,-34.0936277778,-60.4103027778,12/08/16,Conectado
3638,BENAVIDEZ - ROSARIO,ZARATE - BARADERO,Zarate,Zárate,Buenos Aires,98522,-34.122225,-59.0219638889,05/10/18,Conectado
1878,VILLA MERCEDES - RUFINO,VILLA MERCEDES - RUFINO,Laboulaye,Presidente Roque Sáenz Peña,Cordoba,20534,-34.1226722222,-63.3931527778,30/11/16,Conectado
601,BENAVIDEZ - ROSARIO,BENAVIDEZ - CAMPANA,Campana,Campana,Buenos Aires,86860,-34.1805555556,-58.9688888889,02/01/16,Conectado
3235,JUNIN - TEODELINA,JUNIN - TEODELINA,Teodelina,General Lopez,Santa Fe,5933,-34.1916130914,-61.5272264571,08/06/18,Conectado
2886,BENAVIDEZ - PERGAMINO,BENAVIDEZ - SAN ANTONIO DE ARECO,San Antonio de Areco,San Antonio de Areco,Buenos Aires,19768,-34.2421444444,-59.4741583333,03/08/15,Conectado
2835,RUFINO - JUNIN,RUFINO - VEDIA,Rufino,General Lopez,Santa Fe,18727,-34.2631944444,-62.7095277778,29/05/15,Conectado
3179,BENAVIDEZ - PERGAMINO,BENAVIDEZ - SAN ANTONIO DE ARECO,Solis,San Andrés de Giles,Buenos Aires,1001,-34.2973861111,-59.3235277778,26/10/17,Conectado
1429,JUNIN - TEODELINA,JUNIN - TEODELINA,General Arenales,General Arenales,Buenos Aires,4321,-34.3044679711,-61.3056277788,08/06/18,Conectado
2862,JUNIN - LUJAN,CARMEN DE ARECO - SALTO,Salto,Salto,Buenos Aires,27466,-34.3062111111,-60.2464444444,30/11/17,Conectado
2936,RUFINO - JUNIN,RUFINO - VEDIA,San Gregorio,General Lopez,Santa Fe,4291,-34.3228888889,-62.0364166667,04/01/17,Conectado
1405,JUNIN - LUJAN,CHACABUCO - GAHAN,Gahan,Salto,Buenos Aires,648,-34.3386111,-60.0991666,09/02/18,Conectado
327,JUNIN - LUJAN,LUJAN - CARMEN DE ARECO,Azcuenaga,San Andrés de Giles,Buenos Aires,312,-34.363648,-59.375942,17/05/17,Conectado
1082,RUFINO - JUNIN,RUFINO - VEDIA,Diego de Alvear,General Lopez,Santa Fe,1855,-34.3726111111,-62.1295111111,11/01/17,Conectado
2465,BENAVIDEZ - PERGAMINO,BENAVIDEZ - SAN ANTONIO DE ARECO,Parada Robles,Exaltacion de La Cruz,Buenos Aires,8008,-34.37675,-59.1179166667,04/02/16,Conectado
676,JUNIN - LUJAN,LUJAN - CARMEN DE ARECO,Carmen de Areco,Carmen de Areco,Buenos Aires,12775,-34.3875277778,-59.8203638889,03/09/15,Conectado
531,JUNIN - LUJAN,CHACABUCO - GAHAN,Berdier,Salto,Buenos Aires,177,-34.3988888,-60.2511111,11/01/18,Conectado
523,BENAVIDEZ - PERGAMINO,BENAVIDEZ - SAN ANTONIO DE ARECO,Benavidez,Tigre,Buenos Aires,35870,-34.4108333333,-58.7202777778,01/10/15,Conectado
4013,RUFINO - JUNIN,,Iriarte,,Buenos Aires,0,-34.4162277778,-61.928475,19/06/17,Conectado
638,RUFINO - CARLOS TEJEDOR,RUFINO - GENERAL VILLEGAS,Cañada Seca,General Villegas,Buenos Aires,718,-34.4181388,-62.9577777,26/01/18,Conectado
3550,JUNIN - LUJAN,LUJAN - CARMEN DE ARECO,Villa Ruiz,San Andrés de Giles,Buenos Aires,477,-34.4307416,-59.2613166,30/11/17,Conectado
1682,RUFINO - JUNIN,RUFINO - VEDIA,Juan Bautista Alberdi,Leandro N. Alem,Buenos Aires,3404,-34.4379944,-61.8098167,30/06/17,Conectado
139,RUFINO - JUNIN,RUFINO - VEDIA,Alberdi Viejo,Leandro N. Alem,Buenos Aires,318,-34.44194444,-61.8444444,28/09/18,Conectado
1045,JUNIN - LUJAN,LUJAN - CARMEN DE ARECO,Cucullu,San Andrés de Giles,Buenos Aires,551,-34.44530833,-59.36046944,09/11/17,Conectado
2878,JUNIN - LUJAN,LUJAN - CARMEN DE ARECO,San Andres de Giles,San Andrés de Giles,Buenos Aires,16243,-34.4469444,-59.4416666,30/11/17,Conectado
3785,BENAVIDEZ - LUJAN,,Del Viso,,Buenos Aires,,-34.4543611111,-58.7965833333,03/11/16,Conectado
2060,JUNIN - LUJAN,CHACABUCO - GAHAN,Los Angeles,Chacabuco,Buenos Aires,54,-34.4554638,-60.1788944,19/01/18,Conectado
133,JUNIN - TEODELINA,JUNIN - TEODELINA,Agustina,Junin,Buenos Aires,155,-34.460904,-61.064061,10/08/18,Conectado
3339,RUFINO - JUNIN,RUFINO - VEDIA,Vedia,Leandro N. Alem,Buenos Aires,8827,-34.4913527778,-61.5479138889,03/09/15,Conectado
2634,JUNIN - LUJAN,LUJAN - CARMEN DE ARECO,Pueblo Gouin,Carmen de Areco,Buenos Aires,122,-34.4926666,-59.8044166,09/02/18,Conectado
2414,ABASTO - BENAVIDEZ,BENAVIDEZ - LUJAN II,Open Door,Luján,Buenos Aires,5265,-34.496028,-59.079519,27/04/18,Conectado
132,JUNIN - PERGAMINO,JUNIN - PERGAMINO,Agustin Roca,Junin,Buenos Aires,334,-34.508096,-60.871035,10/08/18,Conectado
2013,RUFINO - JUNIN,VEDIA - JUNIN,Leandro N. Alem,Leandro N. Alem,Buenos Aires,2468,-34.5226194,-61.3909916,07/06/17,Conectado
1699,JUNIN - LUJAN,CHACABUCO - JUNIN,Junin,Junin,Buenos Aires,87509,-34.5690194444,-60.9316111111,03/09/15,Conectado
2845,RUFINO - JUNIN,VEDIA - JUNIN,Saforcada,Junin,Buenos Aires,431,-34.5775416,-61.0758611,13/04/18,Conectado
2156,BENAVIDEZ - LUJAN,BENAVIDEZ - LUJAN,Lujan,Luján,Buenos Aires,97363,-34.5790611111,-59.1095027778,03/09/15,Conectado
2395,JUNIN - LUJAN,CHACABUCO - JUNIN,O'Higgins,Chacabuco,Buenos Aires,1266,-34.5838,-60.7037388,07/12/17,Conectado
89,SAN RAFAEL - MENDOZA,SAN RAFAEL - LAS PAREDES,25 de Mayo,San Rafael,Mendoza,1450,-34.5838333333,-68.5386944444,26/10/18,Conectado
2307,SANTA ISABEL - SAN RAFAEL,GENERAL ALVEAR - SAN RAFAEL 10G,Monte Coman,San Rafael,Mendoza,3529,-34.5904694,-67.8799611,07/12/17,Conectado
328,CABA,CABA,CABA 1 (Tucuman 744),Ciudad de Buenos Aires,CABA,2954644,-34.6013333333,-58.3776666667,17/05/17,Conectado
2749,JUNIN - LUJAN,CARMEN DE ARECO - CHACABUCO,Rawson,Chacabuco,Buenos Aires,2123,-34.60525,-60.0696944,11/01/18,Conectado
1469,LUJAN - CHIVILCOY,CHIVILCOY - SUIPACHA,General Rivas,Suipacha,Buenos Aires,478,-34.6100583,-59.7514305,09/02/18,Conectado
711,JUNIN - LUJAN,CARMEN DE ARECO - CHACABUCO,Castilla,Chacabuco,Buenos Aires,689,-34.6116777,-59.8982083,11/01/18,Conectado
2408,LUJAN - CHIVILCOY,LUJAN - MERCEDES,Olivera,Luján,Buenos Aires,1926,-34.6273,-59.255319,23/02/18,Conectado
750,JUNIN - LUJAN,CHACABUCO - JUNIN,Chacabuco,Chacabuco,Buenos Aires,38418,-34.6284222222,-60.4658527778,05/11/15,Conectado
3025,SAN RAFAEL - MENDOZA,SAN RAFAEL - LAS PAREDES,San Rafael,San Rafael,Mendoza,118009,-34.6315472222,-68.3438472222,03/09/15,Conectado
1509,LUJAN - CHIVILCOY,LUJAN - MERCEDES,Gowland,Mercedes,Buenos Aires,1738,-34.6545555556,-59.3595,31/05/18,Conectado
2262,LUJAN - CHIVILCOY,LUJAN - MERCEDES,Mercedes,Mercedes,Buenos Aires,56116,-34.6751555556,-59.4405527778,29/06/18,Conectado
535,RUFINO - JUNIN,VEDIA - JUNIN,Bermudez,Lincoln,Buenos Aires,72,-34.6923055,-61.3246111,11/01/18,Conectado
1667,LUJAN - CHIVILCOY,LUJAN - MERCEDES,Jorge Born Ex Tomas Jofre,Mercedes,Buenos Aires,201,-34.700622,-59.320172,22/06/18,Conectado
1909,JUNIN - QUIROGA,JUNIN - LINCOLN,Laplacette,Junin,Buenos Aires,22,-34.720701,-61.155771,10/08/18,Conectado
1272,JUNIN - LUJAN,CARMEN DE ARECO - CHACABUCO,Emilio Ayarza,Chivilcoy,Buenos Aires,87,-34.7483611,-60.0457388,27/04/18,Conectado
2335,JUNIN - LUJAN,CHACABUCO - JUNIN,Morse,Junin,Buenos Aires,563,-34.7604166,-60.8470277,07/12/17,Conectado
1634,JUNIN - LUJAN,CHACABUCO - JUNIN,Irala,Bragado,Buenos Aires,400,-34.7726194,-60.6908111,09/02/18,Conectado
2538,RUFINO - CARLOS TEJEDOR,RUFINO - GENERAL VILLEGAS,Piedritas,General Villegas,Buenos Aires,2160,-34.7740833,-62.9834166,09/03/18,Conectado
3187,LUJAN - CHIVILCOY,CHIVILCOY - SUIPACHA,Suipacha,Suipacha,Buenos Aires,8403,-34.7762916667,-59.6962861111,30/03/17,Conectado
1273,RUFINO - CARLOS TEJEDOR,RUFINO - GENERAL VILLEGAS,Emilio V. Bunge,General Villegas,Buenos Aires,1986,-34.7851388,-63.1934722,29/12/16,Conectado
1968,SANTA ISABEL - SAN RAFAEL,GENERAL ALVEAR - SAN RAFAEL 1G,Las Malvinas,San Rafael,Mendoza,232,-34.8320638,-68.2513611,11/01/18,Conectado
3377,SANTA ISABEL - SAN RAFAEL,GENERAL ALVEAR - SAN RAFAEL 10G,Villa Atuel,San Rafael,Mendoza,3311,-34.8336583,-67.9231805,07/12/17,Conectado
1507,LUJAN - CHIVILCOY,CHIVILCOY - SUIPACHA,Gorostiaga,Chivilcoy,Buenos Aires,324,-34.8389222,-59.8672055,07/12/17,Conectado
2753,SANTA ISABEL - SAN RAFAEL,GENERAL ALVEAR - SAN RAFAEL 10G,Real del Padre,San Rafael,Mendoza,3635,-34.8402166,-67.7632583,07/12/17,Conectado
2213,ABASTO - BENAVIDEZ,CAÑUELAS - MARCOS PAZ,Marcos Paz Silica,Marcos Paz,Buenos Aires,50460,-34.8574861111,-58.89065,28/07/15,Conectado
2030,JUNIN - QUIROGA,JUNIN - LINCOLN,Lincoln,Lincoln,Buenos Aires,28051,-34.8686333333,-61.5125,03/08/18,Conectado
1656,SANTA ISABEL - SAN RAFAEL,GENERAL ALVEAR - SAN RAFAEL 1G,Jaime Prats,San Rafael,Mendoza,419,-34.9115861,-67.8168722,07/12/17,Conectado
791,LUJAN - CHIVILCOY,CHIVILCOY - SUIPACHA,Chivilcoy,Chivilcoy,Buenos Aires,58152,-34.9188888889,-59.9933333333,05/10/17,Conectado
1830,CAÑUELAS - LA PLATA,ABASTO - LA PLATA,La Plata EDT,La Plata,Buenos Aires,643133,-34.9425916667,-57.9745805556,22/12/15,Conectado
3035,LUJAN - CHIVILCOY,CHIVILCOY - SUIPACHA,San Sebastian,Chivilcoy,Buenos Aires,166,-34.9434722,-59.7043055,14/12/17,Conectado
101,ABASTO - BENAVIDEZ,ABASTO - LA PLATA,Abasto Silica,La Plata,Buenos Aires,7139,-34.9663888889,-58.1629555556,03/09/15,Conectado
1851,LUJAN - CHIVILCOY,CHIVILCOY - SUIPACHA,La Rica,Chivilcoy,Buenos Aires,118,-34.9741694,-59.8672111,12/10/17,Conectado
1428,SANTA ISABEL - SAN RAFAEL,GENERAL ALVEAR - SAN RAFAEL 1G,General Alvear,General Alvear,Mendoza,29909,-34.9812777778,-67.6727416667,18/06/15,Conectado
559,SANTA ISABEL - SAN RAFAEL,SANTA ISABEL - GENERAL ALVEAR,Bowen,General Alvear,Mendoza,4939,-34.9928611111,-67.5123611111,26/10/18,Conectado
2133,JUNIN - SALADILLO,JUNIN - 9 DE JULIO,Los Toldos,General Viamonte,Buenos Aires,14496,-35.0015833333,-61.0402305556,04/01/18,Conectado
2353,MERCEDES - CHASCOMUS,LOBOS - NAVARRO,Navarro,Navarro,Buenos Aires,13224,-35.0089277778,-59.2818527778,04/01/18,Conectado
364,RUFINO - CARLOS TEJEDOR,GENERAL VILLEGAS - CARLOS TEJEDOR,Banderalo,General Villegas,Buenos Aires,1339,-35.011151,-63.371984,19/10/18,Conectado
642,LUJAN - CAÑUELAS,LOBOS - CAÑUELAS,Cañuelas EDT,Cañuelas,Buenos Aires,29974,-35.025225,-58.7326166667,03/09/15,Conectado
1195,SAN RAFAEL - MALARGUE,SAN RAFAEL - EL NIHUIL,El Nihuil,San Rafael,Mendoza,1030,-35.0326805,-68.6771527,14/12/17,Conectado
1477,RUFINO - CARLOS TEJEDOR,GENERAL VILLEGAS - CARLOS TEJEDOR,General Villegas,General Villegas,Buenos Aires,18275,-35.0469416667,-63.0156472222,10/06/15,Conectado
1245,SAN RAFAEL - MALARGUE,MALARGUE - EL SOSNEADO,El Sosneado,San Rafael,Mendoza,65,-35.0795083333,-69.5668611111,30/11/16,Conectado
561,JUNIN - SALADILLO,9 DE JULIO - BRAGADO,Bragado,Bragado,Buenos Aires,33222,-35.1283333333,-60.4711111111,27/07/17,Conectado
679,SANTA ISABEL - SAN RAFAEL,SANTA ISABEL - GENERAL ALVEAR,Carmensa,General Alvear,Mendoza,941,-35.1480388889,-67.6532055556,15/10/16,Conectado
2035,SALADILLO - CAÑUELAS,LOBOS - ROQUE PEREZ,Lobos,Lobos,Buenos Aires,29868,-35.19045,-59.0820833333,14/03/17,Conectado
3283,RUFINO - CARLOS TEJEDOR,GENERAL VILLEGAS - CARLOS TEJEDOR,Tres Algarrobos,Carlos Tejedor,Buenos Aires,3201,-35.196,-62.7727222,02/11/17,Conectado
3763,JUNIN - QUIROGA,LINCOLN - CORONEL MARTINEZ DE HOZ,Alfredo Demarchi_Est F Quiroga,9 de Julio,Buenos Aires,1946,-35.2937972,-61.4071333,31/05/18,Conectado
674,RUFINO - CARLOS TEJEDOR,GENERAL VILLEGAS - CARLOS TEJEDOR,Carlos Tejedor,Carlos Tejedor,Buenos Aires,5178,-35.390125,-62.4130833333,03/09/15,Conectado
2823,SALADILLO - CAÑUELAS,LOBOS - ROQUE PEREZ,Roque Perez,Roque Perez,Buenos Aires,10358,-35.4019944444,-59.3402833333,14/03/17,Conectado
96,JUNIN - SALADILLO,9 DE JULIO - BRAGADO,9 de Julio,9 de Julio,Buenos Aires,36494,-35.4406888889,-60.8725,16/11/17,Conectado
87,JUNIN - SALADILLO,BRAGADO - 25 DE MAYO,25 de Mayo,25 de Mayo,Buenos Aires,23408,-35.4429805556,-60.1747888889,10/08/17,Conectado
3007,MERCEDES - CHASCOMUS,LOBOS - SAN MIGUEL DEL MONTE,San Miguel del Monte,Monte,Buenos Aires,17005,-35.4475555556,-58.81475,31/07/17,Conectado
2183,SAN RAFAEL - MALARGUE,MALARGUE - EL SOSNEADO,Malargüe,Malargüe,Mendoza,21619,-35.4659277778,-69.5889472222,20/03/17,Conectado
773,MERCEDES - CHASCOMUS,GENERAL BELGRANO - CHASCOMUS,Chascomus,Chascomús,Buenos Aires,33607,-35.5737361111,-58.0189694444,31/08/18,Conectado
2850,SALADILLO - CAÑUELAS,SALADILLO - ROQUE PEREZ,Saladillo,Saladillo,Buenos Aires,26763,-35.634,-59.78425,03/05/17,Conectado
1050,CARLOS TEJEDOR - PEHUAJO,CARLOS TEJEDOR - PEHUAJO,Curaru,Carlos Tejedor,Buenos Aires,422,-35.6412777,-62.19375,16/03/18,Conectado
2470,SANTA ISABEL - SAN RAFAEL,SANTA ISABEL - GENERAL ALVEAR,Paraje Cochico,General Alvear,Mendoza,0,-35.7133361111,-67.3310194444,26/10/18,Conectado
1432,MERCEDES - CHASCOMUS,GENERAL BELGRANO - CHASCOMUS,General Belgrano,General Belgrano,Buenos Aires,15394,-35.7640305556,-58.4875888889,31/07/17,Conectado
2514,SANTA ROSA - PEHUAJO,TRENQUE LAUQUEN - PEHUAJO,Pehuajo,Pehuajo,Buenos Aires,31533,-35.8086638889,-61.8861805556,20/10/15,Conectado
1689,SANTA ROSA - PEHUAJO,TRENQUE LAUQUEN - PEHUAJO,Juan Jose Paso,Pehuajo,Buenos Aires,2176,-35.8494444,-62.29325,15/06/18,Conectado
1391,SANTA ROSA - PEHUAJO,TRENQUE LAUQUEN - PEHUAJO,Francisco Madero,Pehuajo,Buenos Aires,1389,-35.849627,-62.067387,16/11/17,Conectado
543,SANTA ROSA - PEHUAJO,TRENQUE LAUQUEN - PEHUAJO,Berutti,Trenque Lauquen,Buenos Aires,1098,-35.8595777778,-62.5133972222,16/11/17,Conectado
371,MALARGUE - BUTA RANQUIL,MALARGUE - EL MANZANO,Bardas Blancas,Malargüe,Mendoza,66,-35.8684861111,-69.8052583333,20/03/17,Conectado
521,PEHUAJO - BOLIVAR,PEHUAJO - SAN CARLOS de BOLIVAR,Bellocq,Carlos Casares,Buenos Aires,542,-35.919598,-61.534026,07/09/18,Conectado
2379,PEHUAJO - BOLIVAR,PEHUAJO - SAN CARLOS de BOLIVAR,Nueva Plata,Pehuajo,Buenos Aires,206,-35.92114,-61.810266,17/08/18,Conectado
3282,SANTA ROSA - PEHUAJO,SANTA ROSA - TRENQUE LAUQUEN,Trenque Lauquen,Trenque Lauquen,Buenos Aires,33442,-35.9713361111,-62.7482888889,20/10/15,Conectado
1426,,,General Alvear,General Alvear,Buenos Aires,9812,-36.0224444444,-60.0149166667,09/11/17,Conectado
1564,PEHUAJO - BOLIVAR,PEHUAJO - SAN CARLOS de BOLIVAR,Herrera Vegas,Hipolito Yrigoyen,Buenos Aires,115,-36.086148,-61.408251,18/05/18,Conectado
1183,MALARGUE - BUTA RANQUIL,MALARGUE - EL MANZANO,El Manzano,Tunuyán,Mendoza,26,-36.1065972222,-69.7584416667,21/12/17,Conectado
2142,SANTA ROSA - SANTA ISABEL,WINIFREDA - VICTORICA,Loventue,Loventué,La Pampa,111,-36.1885777,-65.2917361,09/11/17,Conectado
551,SANTA ROSA - PEHUAJO,SANTA ROSA - TRENQUE LAUQUEN,Bocayuva,Pellegrini,Buenos Aires,83,-36.2045,-63.0762222,31/08/17,Conectado
2145,SANTA ROSA - SANTA ISABEL,WINIFREDA - VICTORICA,Luan Toro,Loventué,La Pampa,689,-36.2055083,-65.0989222,02/11/17,Conectado
3353,SANTA ROSA - SANTA ISABEL,WINIFREDA - VICTORICA,Victorica,Loventué,La Pampa,5703,-36.2154361111,-65.4330611111,24/09/15,Conectado
3616,SANTA ROSA - SANTA ISABEL,WINIFREDA - VICTORICA,Winifreda,Conhelo,La Pampa,2222,-36.2314861111,-64.2369777778,24/09/15,Conectado
3071,SANTA ISABEL - SAN RAFAEL,SANTA ISABEL - GENERAL ALVEAR,Santa Isabel,Chalileo,La Pampa,2526,-36.232875,-66.9358908333,18/06/15,Conectado
2902,PEHUAJO - BOLIVAR,PEHUAJO - SAN CARLOS de BOLIVAR,San Carlos de Bolivar,Bolívar,Buenos Aires,26242,-36.23825,-61.1231388889,06/07/18,Conectado
3230,SANTA ROSA - SANTA ISABEL,VICTORICA - TELEN,Telen,Loventué,La Pampa,1240,-36.2651638,-65.5126555,02/11/17,Conectado
2515,SANTA ROSA - PEHUAJO,SANTA ROSA - TRENQUE LAUQUEN,Pellegrini,Pellegrini,Buenos Aires,5115,-36.270811,-63.157499,31/08/17,Conectado
1554,PIGÜE - PEHUAJO,CARHUE - PEHUAJO,Henderson,Hipolito Yrigoyen,Buenos Aires,8645,-36.2973888889,-61.7232861111,11/05/18,Conectado
1062,SANTA ROSA - PEHUAJO,SANTA ROSA - TRENQUE LAUQUEN,De Bary,Pellegrini,Buenos Aires,63,-36.34075,-63.2598611,31/08/17,Conectado
3217,AZUL - SALADILLO,AZUL - TAPALQUE,Tapalque,Tapalque,Buenos Aires,7444,-36.3609777778,-60.0312722222,31/03/17,Conectado
170,SANTA ISABEL - NEUQUEN,SANTA ISABEL - ALGARROBO DEL AGUILA,Algarrobo del Aguila,Chical Co,La Pampa,329,-36.3990513889,-67.1458783333,20/10/16,Conectado
714,SANTA ROSA - PEHUAJO,SANTA ROSA - TRENQUE LAUQUEN,Catrilo,Catriló,La Pampa,3955,-36.407925,-63.4160444444,02/11/17,Conectado
3291,TRENQUE LAUQUEN - CARHUE,CARHUE - TRENQUE LAUQUEN,Tres Lomas,Tres Lomas,Buenos Aires,8061,-36.4659083333,-62.8656861111,27/04/18,Conectado
2049,SANTA ROSA - PEHUAJO,SANTA ROSA - TRENQUE LAUQUEN,Lonquimay,Catriló,La Pampa,1680,-36.467335,-63.623599,19/10/17,Conectado
1998,LAS TONINAS - AZUL,LAS TONINAS - GENERAL JUAN MADARIAGA,Las Toninas,La Costa,Buenos Aires,5278,-36.4884916667,-56.7018694444,20/07/17,Conectado
1782,SANTA ROSA - PEHUAJO,SANTA ROSA - TRENQUE LAUQUEN,La Gloria,Catriló,La Pampa,46,-36.5079805,-63.7405805,19/10/17,Conectado
3318,SANTA ROSA - PEHUAJO,SANTA ROSA - TRENQUE LAUQUEN,Uriburu,Catriló,La Pampa,964,-36.5087972,-63.8586361,19/10/17,Conectado
1031,AZUL - SALADILLO,AZUL - TAPALQUE,Crotto,Tapalque,Buenos Aires,247,-36.5760333,-60.1709777,09/11/17,Conectado
1057,PIGÜE - PEHUAJO,CARHUE - PEHUAJO,Daireaux,Daireaux,Buenos Aires,12122,-36.5982222222,-61.7452944444,11/05/18,Conectado
1625,TRENQUE LAUQUEN - CARHUE,CARHUE - TRENQUE LAUQUEN,Ingeniero Thompson,Tres Lomas,Buenos Aires,150,-36.6117472222,-62.9144416667,28/09/18,Conectado
3089,SANTA ROSA - PEHUAJO,SANTA ROSA - TRENQUE LAUQUEN,Santa Rosa,Capital,La Pampa,102860,-36.6273555556,-64.271325,18/09/15,Conectado
2746,MALARGUE - BUTA RANQUIL,BUTA RANQUIL - RANQUIL NORTE,Ranquil Norte,Malargüe,Mendoza,752,-36.6590805556,-69.8328138889,28/03/17,Conectado
2473,LAS TONINAS - AZUL,LAS TONINAS - GENERAL JUAN MADARIAGA,Paraje Pavon - La Esmeralda,General Lavalle,Buenos Aires,989,-36.7125944444,-56.7327972222,31/05/18,Conectado
2858,TRENQUE LAUQUEN - CARHUE,CARHUE - TRENQUE LAUQUEN,Salliquelo,Salliqueló,Buenos Aires,7617,-36.7517666667,-62.9604,27/04/18,Conectado
330,AZUL - SALADILLO,AZUL - TAPALQUE,Azul,Azul,Buenos Aires,55728,-36.7699444444,-59.8500555556,20/07/17,Conectado
2748,LAS TONINAS - AZUL,RAUCH - AZUL,Rauch,Rauch,Buenos Aires,12705,-36.7756111111,-59.0772888889,20/07/17,Conectado
1884,PIGÜE - PEHUAJO,CARHUE - PEHUAJO,Laguna Alsina,Guamini,Buenos Aires,1677,-36.8070111111,-62.2509444444,18/05/18,Conectado
2403,GRAL LA MADRID - AZUL,OLAVARRIA - AZUL,Olavarria,Olavarria,Buenos Aires,89721,-36.8854194444,-60.3095833333,27/07/17,Conectado
1449,LAS TONINAS - AZUL,LAS TONINAS - GENERAL JUAN MADARIAGA,General Juan Madariaga,General Madariaga,Buenos Aires,18089,-37.0054722,-57.1168055,27/07/17,Conectado
1528,PIGÜE - PEHUAJO,CARHUE - PEHUAJO,Guamini,Guamini,Buenos Aires,2845,-37.0152416667,-62.4232027778,11/05/18,Conectado
316,RIO COLORADO - SANTA ROSA,RIO COLORADO - SANTA ROSA,Ataliva Roca,Utracan,La Pampa,707,-37.0303666667,-64.2912472222,19/12/16,Conectado
570,BUTA  RANQUIL - ZAPALA,BUTA RANQUIL - CHOS MALAL,Buta Ranquil,Pehuenches,Neuquen,2443,-37.0513861111,-69.8772027778,20/03/17,Conectado
1919,LAS TONINAS - AZUL,LAS ARMAS - AYACUCHO,Las Armas,Maipu,Buenos Aires,365,-37.0842,-57.8272861111,27/07/17,Conectado
325,LAS TONINAS - AZUL,AYACUCHO - RAUCH,Ayacucho,Ayacucho,Buenos Aires,17364,-37.1495722222,-58.4707222222,20/07/17,Conectado
2806,PIGÜE - PEHUAJO,PIGÜE - CARHUE,Rivera,Adolfo Alsina,Buenos Aires,3217,-37.1558833333,-63.2443666667,21/09/18,Conectado
667,PIGÜE - PEHUAJO,PIGÜE - CARHUE,Carhue,Adolfo Alsina,Buenos Aires,9660,-37.1804222222,-62.76185,11/05/18,Conectado
1450,PIGÜE - GRAL LA MADRID,CORONEL SUAREZ - GENERAL LAMADRID,General LaMadrid,General La Madrid,Buenos Aires,8073,-37.2450611111,-61.2530583333,02/01/16,Conectado
3465,LAS TONINAS - MAR del PLATA,LAS TONINAS - VILLA GESELL 10G,Villa Gesell,Villa Gesell,Buenos Aires,29593,-37.2560638889,-56.9745333333,21/09/17,Conectado
3214,GRAL LA MADRID - TANDIL,TANDIL - BENITO JUAREZ,Tandil,Tandil,Buenos Aires,116916,-37.2997388889,-59.1336111111,20/07/17,Conectado
2650,SANTA ISABEL - NEUQUEN,CATRIEL - PUELEN,Puelen,Puelén,La Pampa,357,-37.3453847222,-67.6219841667,14/12/17,Conectado
1751,PIGÜE - GRAL LA MADRID,CORONEL SUAREZ - GENERAL LAMADRID,La Colina,General La Madrid,Buenos Aires,663,-37.360116,-61.540074,17/08/18,Conectado
798,BUTA  RANQUIL - ZAPALA,BUTA RANQUIL - CHOS MALAL,Chos Malal,Chos Malal,Neuquen,13092,-37.3674555556,-70.2634888889,20/03/17,Conectado
1004,PIGÜE - GRAL LA MADRID,PIGUE - CORONEL SUAREZ,Coronel Suarez,Coronel Suarez,Buenos Aires,23621,-37.4729722222,-61.9269083333,12/01/16,Conectado
926,RIO COLORADO - SANTA ROSA,RIO COLORADO - SANTA ROSA,Colonia Santa Maria,Utracan,La Pampa,289,-37.4951861,-64.2283777,31/08/17,Conectado
3221,BUTA  RANQUIL - ZAPALA,CHOS MALAL - ZAPALA,Taquimilan,Norquín,Neuquen,558,-37.5121277778,-70.2413277778,09/11/17,Conectado
3311,RIO COLORADO - SANTA ROSA,RIO COLORADO - SANTA ROSA,Unanue,Utracan,La Pampa,69,-37.5455888,-64.3493972,27/07/17,Conectado
1910,GRAL LA MADRID - TANDIL,GENERAL LAMADRID - LAPRIDA,Laprida,Laprida,Buenos Aires,8840,-37.5468056,-60.8123333,31/05/17,Conectado
2541,BAHIA BLANCA - PIGÜE,PIGUE - TORNQUIST,Pigüe,Saavedra,Buenos Aires,14383,-37.6043888889,-62.4100277778,23/12/15,Conectado
2524,RIO COLORADO - SANTA ROSA,RIO COLORADO - SANTA ROSA,Peru,Guatraché,La Pampa,39,-37.6625111111,-64.13435,19/12/16,Conectado
526,GRAL LA MADRID - TANDIL,TANDIL - BENITO JUAREZ,Benito Juarez,Benito Juarez,Buenos Aires,14279,-37.6795555556,-59.8101666667,27/07/17,Conectado
2841,BAHIA BLANCA - PIGÜE,PIGUE - TORNQUIST,Saavedra,Saavedra,Buenos Aires,2276,-37.7625722,-62.3470444,22/06/17,Conectado
86,SANTA ISABEL - NEUQUEN,CATRIEL - PUELEN,25 de Mayo,Puelén,La Pampa,7878,-37.7737611,-67.7237222,14/12/17,Conectado
3059,LAS TONINAS - MAR del PLATA,VILLA GESELL - MAR DEL PLATA,Santa Clara del Mar,Mar Chiquita,Buenos Aires,7713,-37.8420416667,-57.5073555556,21/09/18,Conectado
342,TANDIL - MAR del PLATA,TANDIL - BALCARCE,Balcarce,Balcarce,Buenos Aires,38376,-37.8497916667,-58.2492611111,20/07/17,Conectado
713,SANTA ISABEL - NEUQUEN,CATRIEL - PUELEN,Catriel,General Roca,Rio Negro,17584,-37.8830222222,-67.8040638889,15/09/16,Conectado
797,BUTA  RANQUIL - ZAPALA,CHOS MALAL - ZAPALA,Chorriaca,Loncopué,Neuquen,403,-37.9341888889,-70.071025,20/03/17,Conectado
3156,TANDIL - MAR del PLATA,BALCARCE - MAR DEL PLATA,Sierra de Los Padres,General Pueyrredon,Buenos Aires,4249,-37.93793,-57.78312,28/09/18,Conectado
2207,TANDIL - MAR del PLATA,BALCARCE - MAR DEL PLATA,Mar del Plata,General Pueyrredon,Buenos Aires,593337,-37.9973277778,-57.5504055556,20/07/17,Conectado
3264,BAHIA BLANCA - PIGÜE,TORNQUIST - BAHIA BLANCA,Tornquist,Tornquist,Buenos Aires,6473,-38.1058611111,-62.2167777778,12/01/16,Conectado
600,RIO COLORADO - SANTA ROSA,RIO COLORADO - SANTA ROSA,Campamento Vialidad Nacional,Caleu Caleu,La Pampa,2429,-38.3884388,-64.0732666,19/10/17,Conectado
338,BUTA  RANQUIL - ZAPALA,CHOS MALAL - ZAPALA,Bajada del Agrio,Picunches,Neuquen,792,-38.4047333333,-70.0264861111,09/11/17,Conectado
1963,BUTA  RANQUIL - ZAPALA,ZAPALA - LAS LAJAS,Las Lajas,Picunches,Neuquen,4464,-38.5198638889,-70.3641027778,13/12/16,Conectado
3127,SANTA ISABEL - NEUQUEN,BARDA DEL MEDIO - SARGENTO VIDAL,Sargento Vidal,General Roca,Rio Negro,814,-38.6842444,-68.1568583,26/10/17,Conectado
3557,SANTA ISABEL - NEUQUEN,BARDA DEL MEDIO - SARGENTO VIDAL,Villa San Isidro,General Roca,Rio Negro,607,-38.7063027,-68.1717083,26/10/17,Conectado
370,SANTA ISABEL - NEUQUEN,BARDA DEL MEDIO - NEUQUEN 1G,Barda del Medio,General Roca,Rio Negro,1651,-38.7241222222,-68.1630111111,28/09/17,Conectado
3603,SANTA ISABEL - NEUQUEN,BARDA DEL MEDIO - NEUQUEN 1G,Vista Alegre Norte,Confluencia,Neuquen,895,-38.7309805,-68.1739305,31/07/17,Conectado
332,BAHIA BLANCA - SAN ANTONIO OESTE,BAHIA BLANCA - CARMEN de PATAGONES 10G,Bahia Blanca EDT,Bahia Blanca,Buenos Aires,291327,-38.7512416667,-62.2829722222,04/12/15,Conectado
2228,BUTA  RANQUIL - ZAPALA,CHOS MALAL - ZAPALA,Mariano Moreno,Zapala,Neuquen,2205,-38.7597059,-70.036807,26/10/17,Conectado
3604,SANTA ISABEL - NEUQUEN,BARDA DEL MEDIO - NEUQUEN 1G,Vista Alegre Sur,Confluencia,Neuquen,1513,-38.771625,-68.1347694,31/07/17,Conectado
729,SANTA ISABEL - NEUQUEN,BARDA DEL MEDIO - NEUQUEN 10G,Centenario,Confluencia,Neuquen,32928,-38.8325083333,-68.1281583333,19/01/18,Conectado
3636,ARROYITO - ZAPALA,NEUQUEN - ZAPALA 1G,Zapala,Zapala,Neuquen,32097,-38.89735,-70.066825,13/12/16,Conectado
2572,ARROYITO - ZAPALA,NEUQUEN - ZAPALA 10G,Plaza Huincul,Confluencia,Neuquen,13172,-38.9307194444,-69.21265,31/03/17,Conectado
2359,SANTA ISABEL - NEUQUEN,BARDA DEL MEDIO - NEUQUEN 1G,Neuquen,Confluencia,Neuquen,231198,-38.9448583333,-68.0785944444,17/05/16,Conectado
1711,RIO COLORADO - SANTA ROSA,RIO COLORADO - SANTA ROSA,La Adela,Caleu Caleu,La Pampa,1904,-38.9776305,-64.1006861,27/07/17,Conectado
2784,RIO COLORADO - SANTA ROSA,RIO COLORADO - SANTA ROSA,Rio Colorado,Pichi Mahuida,Rio Negro,11733,-38.983275,-64.1039472222,16/11/15,Conectado
891,SAN ANTONIO OESTE - RIO COLORADO,RIO COLORADO - COLONIA JULIA Y ECHARREN,Colonia Julia Y Echarren,Pichi Mahuida,Rio Negro,936,-39.0353527778,-64.0258027778,14/09/17,Conectado
3234,BAHIA BLANCA - SAN ANTONIO OESTE,BAHIA BLANCA - CARMEN de PATAGONES 10G,Teniente Origone,Villarino,Buenos Aires,145,-39.0613444444,-62.5710138889,20/10/16,Conectado
284,ARROYITO - NEUQUEN,NEUQUEN - ZAPALA 1G,Arroyito,Confluencia,Neuquen,90,-39.0719194,-68.5672527,16/11/17,Conectado
1144,PIEDRA del AGUILA - ARROYITO,NEUQUEN - PIEDRA DEL AGUILA,El Chocon,Confluencia,Neuquen,426,-39.2608138889,-68.8238722222,20/07/18,Conectado
2243,BAHIA BLANCA - SAN ANTONIO OESTE,BAHIA BLANCA - CARMEN de PATAGONES 10G,Mayor Buratovich,Villarino,Buenos Aires,5372,-39.2615916667,-62.6165472222,11/01/17,Conectado
1567,BAHIA BLANCA - SAN ANTONIO OESTE,BAHIA BLANCA - CARMEN de PATAGONES 10G,Hilario Ascasubi,Villarino,Buenos Aires,3427,-39.3762777,-62.6465277,22/06/17,Conectado
2512,BAHIA BLANCA - SAN ANTONIO OESTE,BAHIA BLANCA - CARMEN de PATAGONES 10G,Pedro Luro,Villarino,Buenos Aires,9494,-39.5028416667,-62.6808555556,30/11/16,Conectado
2534,PIEDRA del AGUILA - ARROYITO,NEUQUEN - PIEDRA DEL AGUILA,Picun Leufu,Picun Leufu,Neuquen,3144,-39.5180305556,-69.2934583333,09/03/18,Conectado
1678,BAHIA BLANCA - SAN ANTONIO OESTE,BAHIA BLANCA - CARMEN de PATAGONES 10G,Juan A. Pradere,Patagones,Buenos Aires,521,-39.6013055,-62.6504722,31/07/17,Conectado
3595,BAHIA BLANCA - SAN ANTONIO OESTE,BAHIA BLANCA - CARMEN de PATAGONES 10G,Villalonga,Patagones,Buenos Aires,4517,-39.9112166,-62.6152777,31/07/17,Conectado
1701,ZAPALA - DINA HUAPI,ZAPALA - JUNIN DE LOS ANDES,Junin de Los Andes,Huiliches,Neuquen,12621,-39.9440777778,-71.0815972222,01/07/16,Conectado
2536,PIEDRA del AGUILA - ARROYITO,NEUQUEN - PIEDRA DEL AGUILA,Piedra del Aguila,Collón Curá,Neuquen,3669,-40.0472222222,-70.0720277778,09/03/18,Conectado
1436,SAN ANTONIO OESTE - RIO COLORADO,SAN ANTONIO OESTE - RIO COLORADO,General Conesa,Conesa,Rio Negro,5484,-40.1076666667,-64.45175,28/07/15,Conectado
2997,ZAPALA - DINA HUAPI,SAN MARTIN DE LOS ANDES - VILLA LA ANGOSTURA,San Martin de Los Andes,Lacar,Neuquen,29354,-40.1509722222,-71.322375,11/01/17,Conectado
3183,BAHIA BLANCA - SAN ANTONIO OESTE,BAHIA BLANCA - CARMEN de PATAGONES 10G,Stroeder,Patagones,Buenos Aires,1998,-40.1881583333,-62.621825,10/08/17,Conectado
2280,DINA HUAPI - SAN ANTONIO OESTE,SAN ANTONIO OESTE - BARILOCHE por MAQUINCHAO,Ministro Ramos Mexia,9 de Julio,Rio Negro,973,-40.5077,-67.2614111111,08/10/15,Conectado
3154,DINA HUAPI - SAN ANTONIO OESTE,SAN ANTONIO OESTE - BARILOCHE por MAQUINCHAO,Sierra Colorada,9 de Julio,Rio Negro,1542,-40.5870833333,-67.7560444444,02/11/17,Conectado
666,BAHIA BLANCA - SAN ANTONIO OESTE,BAHIA BLANCA - CARMEN de PATAGONES 10G,Cardenal Cagliero,Patagones,Buenos Aires,89,-40.6508055,-62.7541111,31/08/17,Conectado
3326,DINA HUAPI - SAN ANTONIO OESTE,SAN ANTONIO OESTE - BARILOCHE por MAQUINCHAO,Valcheta,Valcheta,Rio Negro,3867,-40.6838527778,-66.1616805556,06/10/15,Conectado
2891,SAN ANTONIO OESTE - RIO COLORADO,SAN ANTONIO OESTE - PUERTO MADRYN,San Antonio Oeste,San Antonio,Rio Negro,16265,-40.7293666667,-64.9597944444,16/11/15,Conectado
2948,BAHIA BLANCA - SAN ANTONIO OESTE,VIEDMA - SAN JAVIER,San Javier,Adolfo Alsina,Rio Negro,530,-40.7517694444,-63.2663869444,17/11/16,Conectado
3480,ZAPALA - DINA HUAPI,VILLA LA ANGOSTURA - SAN CARLOS DE BARILOCHE,Villa La Angostura,Los Lagos,Neuquen,11063,-40.7624888889,-71.6394944444,11/01/17,Conectado
677,BAHIA BLANCA - SAN ANTONIO OESTE,BAHIA BLANCA - CARMEN de PATAGONES 10G,Carmen de Patagones,Patagones,Buenos Aires,20533,-40.7872083333,-62.9682527778,21/09/18,Conectado
1951,DINA HUAPI - SAN ANTONIO OESTE,SAN ANTONIO OESTE - BARILOCHE por MAQUINCHAO,Las Grutas,San Antonio,Rio Negro,4807,-40.8004361111,-65.0833833333,17/11/16,Conectado
3356,BAHIA BLANCA - SAN ANTONIO OESTE,VIEDMA - SAN JAVIER,Viedma,Adolfo Alsina,Rio Negro,52789,-40.8218244444,-63.0224411111,16/11/15,Conectado
2098,DINA HUAPI - SAN ANTONIO OESTE,SAN ANTONIO OESTE - BARILOCHE por MAQUINCHAO,Los Menucos,25 de Mayo,Rio Negro,5187,-40.8448805556,-68.0929416667,10/10/15,Conectado
122,DINA HUAPI - SAN ANTONIO OESTE,SAN ANTONIO OESTE - BARILOCHE por MAQUINCHAO,Aguada Cecilio,Valcheta,Rio Negro,155,-40.8486694444,-65.8426055556,05/10/15,Conectado
946,DINA HUAPI - SAN ANTONIO OESTE,BARILOCHE - SAN ANTONIO OESTE por MAQUINCHAO,Comallo,Pilcaniyeu,Rio Negro,1497,-41.0346638889,-70.2639805556,13/10/15,Conectado
3498,PERITO MORENO - DINA HUAPI,SAN CARLOS de BARILOCHE - EL BOLSON,Villa Llao Llao,Bariloche,Rio Negro,777,-41.051725,-71.5240361,14/09/18,Conectado
123,DINA HUAPI - SAN ANTONIO OESTE,SAN ANTONIO OESTE - BARILOCHE por MAQUINCHAO,Aguada de Guerra,25 de Mayo,Rio Negro,126,-41.0689722222,-68.3802666667,02/11/17,Conectado
1085,DINA HUAPI - SAN ANTONIO OESTE,BARILOCHE - SAN ANTONIO OESTE por MAQUINCHAO,Dina Huapi,Pilcaniyeu,Rio Negro,3469,-41.074825,-71.168925,14/10/15,Conectado
3389,PERITO MORENO - DINA HUAPI,SAN CARLOS de BARILOCHE - EL BOLSON,Villa Campanario,Bariloche,Rio Negro,828,-41.1012416,-71.45265,05/10/18,Conectado
2546,DINA HUAPI - SAN ANTONIO OESTE,BARILOCHE - SAN ANTONIO OESTE por MAQUINCHAO,Pilcaniyeu,Pilcaniyeu,Rio Negro,757,-41.1206444444,-70.7148472222,05/08/16,Conectado
2901,PERITO MORENO - DINA HUAPI,SAN CARLOS de BARILOCHE - EL BOLSON,San Carlos de Bariloche,Bariloche,Rio Negro,109305,-41.1332138889,-71.2771,01/12/15,Conectado
3501,PERITO MORENO - DINA HUAPI,SAN CARLOS de BARILOCHE - EL BOLSON,Villa Los Coihues,Bariloche,Rio Negro,1919,-41.153525,-71.4079138,07/09/18,Conectado
418,PERITO MORENO - DINA HUAPI,SAN CARLOS de BARILOCHE - EL BOLSON,Barrio El Pilar,Bariloche,Rio Negro,521,-41.1706833,-71.3372833,05/10/18,Conectado
824,DINA HUAPI - SAN ANTONIO OESTE,BARILOCHE - SAN ANTONIO OESTE por MAQUINCHAO,Clemente Onelli,25 de Mayo,Rio Negro,114,-41.2457777778,-70.0319583333,31/08/18,Conectado
2200,DINA HUAPI - SAN ANTONIO OESTE,BARILOCHE - SAN ANTONIO OESTE por MAQUINCHAO,Maquinchao,25 de Mayo,Rio Negro,2494,-41.2572388889,-68.7006027778,11/10/15,Conectado
1619,DINA HUAPI - SAN ANTONIO OESTE,BARILOCHE - SAN ANTONIO OESTE por MAQUINCHAO,Ingeniero Jacobacci,25 de Mayo,Rio Negro,6261,-41.3345277778,-69.5312222222,12/10/15,Conectado
2801,PERITO MORENO - DINA HUAPI,SAN CARLOS de BARILOCHE - EL BOLSON,Rio Villegas,Bariloche,Rio Negro,75,-41.58725,-71.4915944,27/04/18,Conectado
1171,PERITO MORENO - DINA HUAPI,SAN CARLOS de BARILOCHE - EL BOLSON,El Foyel,Bariloche,Rio Negro,155,-41.6531111,-71.4595277,07/12/17,Conectado
1125,PERITO MORENO - DINA HUAPI,SAN CARLOS de BARILOCHE - EL BOLSON,El Bolson,Bariloche,Rio Negro,17126,-41.9729055556,-71.5275166667,11/12/15,Conectado
1882,PERITO MORENO - DINA HUAPI,EL BOLSON - EPUYEN,Lago Puelo Ruta,Cushamen,Chubut,3129,-42.0258111,-71.5465416,30/11/17,Conectado
1175,PERITO MORENO - DINA HUAPI,EL BOLSON - EPUYEN,El Hoyo,Cushamen,Chubut,1477,-42.067075,-71.5193166,13/04/18,Conectado
1281,PERITO MORENO - DINA HUAPI,EL BOLSON - EPUYEN,Epuyen,Cushamen,Chubut,1038,-42.2283722222,-71.3550861111,15/11/15,Conectado
1881,PERITO MORENO - DINA HUAPI,EPUYEN - LAGO EPUYEN,Lago Epuyen,Cushamen,Chubut,392,-42.2283722222,-71.3550861111,01/11/16,Conectado
1292,PERITO MORENO - DINA HUAPI,EPUYEN - ESQUEL,Esquel,Futaleufú,Chubut,32343,-42.9048111111,-71.2921944444,15/01/16,Conectado
3228,PERITO MORENO - DINA HUAPI,TECKA - JOSE de SAN MARTIN,Tecka,Languiñeo,Chubut,1237,-43.5003444444,-70.8049083333,15/01/16,Conectado
1671,PERITO MORENO - DINA HUAPI,JOSE de SAN MARTIN - ALTO RIO SENGUER,Jose de San Martin,Tehuelches,Chubut,1612,-44.0490305556,-70.4768222222,15/01/16,Conectado
1483,PERITO MORENO - DINA HUAPI,JOSE de SAN MARTIN - GOBERNADOR COSTA,Gobernador Costa,Tehuelches,Chubut,2251,-44.0547111111,-70.6092027778,01/11/16,Conectado
196,PERITO MORENO - DINA HUAPI,ALTO RIO SENGUER - RIO MAYO,Alto Rio Senguer,Río Senguer,Chubut,1570,-45.036475,-70.8120416667,15/01/16,Conectado
2792,PERITO MORENO - DINA HUAPI,RIO MAYO - PERITO MORENO,Rio Mayo,Río Senguer,Chubut,2791,-45.6910416667,-70.2496805556,06/10/15,Conectado
3705,PICO TRUNCADO - PERITO MORENO,CALETA OLIVIA - PICO TRUNCADO,Caleta Olivia,Deseado,Santa Cruz,51733,-46.4707805556,-67.5180361111,06/10/15,Conectado
894,PICO TRUNCADO - PERITO MORENO,PICO TRUNCADO - COLONIA LAS HERAS,Colonia Las Heras,Deseado,Santa Cruz,18712,-46.5436361111,-68.9077333333,06/10/15,Conectado
641,,,Cañadon Seco,Deseado,Santa Cruz,879,-46.5615722222,-67.6067444444,24/08/18,Conectado
2523,PERITO MORENO - DINA HUAPI,PERITO MORENO - EL PLUMA,Perito Moreno,Lago Buenos Aires,Santa Cruz,4617,-46.5890277778,-70.9123138889,06/10/15,Conectado
1710,PICO TRUNCADO - PERITO MORENO,PICO TRUNCADO - COLONIA LAS HERAS,Koluel Kaike,Deseado,Santa Cruz,250,-46.7178638889,-68.2162638889,17/10/16,Conectado
2533,PICO TRUNCADO - PERITO MORENO,PICO TRUNCADO - COLONIA LAS HERAS,Pico Truncado,Deseado,Santa Cruz,20889,-46.7923638889,-67.9456666667,06/10/15,Conectado
339,RIO GALLEGOS - PERITO MORENO,GOBERNADOR GREGORES - PERITO MORENO,Bajo Caracoles,Río Chico,Santa Cruz,33,-47.4451222222,-70.9274444444,01/11/16,Conectado
1489,RIO GALLEGOS - PERITO MORENO,GOBERNADOR GREGORES - PERITO MORENO,Gobernador Gregores,Río Chico,Santa Cruz,4497,-48.749,-70.2498611111,02/01/16,Conectado
3289,RIO GALLEGOS - PERITO MORENO,EL CALAFATE - GOBERNADOR GREGORES,Tres Lagos,Lago Argentino,Santa Cruz,282,-49.5989416667,-71.4529027778,16/09/15,Conectado
1134,RIO GALLEGOS - PERITO MORENO,EL CALAFATE - GOBERNADOR GREGORES,El Calafate,Lago Argentino,Santa Cruz,16655,-50.3386361111,-72.2545694444,22/12/15,Conectado
1290,RIO GALLEGOS - PERITO MORENO,ESPERANZA - EL CALAFATE,Esperanza,Güer Aike,Santa Cruz,142,-51.0286111111,-70.7772388889,28/01/16,Conectado
2789,RIO GALLEGOS - PERITO MORENO,RIO GALLEGOS - CULLEN,Rio Gallegos,Güer Aike,Santa Cruz,95796,-51.6240388889,-69.236325,30/11/15,Conectado
3784,RIO GALLEGOS - PAMPA DEL RINCON,FOADM,Pampa del Rincon,,Tierra del Fuego,10,-52.8140333333,-68.4803583333,21/09/17,Conectado
