yacimiento,provincia,mineraliza,geojson,geom
FRAILE RENEGADO,JUJUY,ORO,"{""type"":""Point"",""coordinates"":[-66.222703465532,-22.0225667586346]}",0101000020E61000009E4A09C6408E50C0FC4F62EFC60536C0
AZULES,JUJUY,ORO,"{""type"":""Point"",""coordinates"":[-66.0603051462685,-22.067106947163]}",0101000020E610000040C01D0ADC8350C03C66BFEB2D1136C0
OLGA,JUJUY,COBRE,"{""type"":""Point"",""coordinates"":[-65.5497560941612,-22.3231238419683]}",0101000020E6100000BE4C2F342F6350C0C8CF7D3EB85236C0
LA ESPERANZA,JUJUY,ORO,"{""type"":""Point"",""coordinates"":[-66.1589398249571,-22.3505830769888]}",0101000020E6100000438EF1112C8A50C0AE3202D0BF5936C0
VICTORIA,JUJUY,COBRE,"{""type"":""Point"",""coordinates"":[-65.6631987641679,-22.4058767727211]}",0101000020E61000004FB63AD9716A50C0120B498AE76736C0
EL CONDOR,JUJUY,ORO,"{""type"":""Point"",""coordinates"":[-66.1731316201436,-22.5055869611327]}",0101000020E6100000E29AA596148B50C04E59A7256E8136C0
EL CARMEN (RINCONADA),JUJUY,ORO,"{""type"":""Point"",""coordinates"":[-66.2598507681966,-22.5541382749961]}",0101000020E6100000ADCF1D65A19050C0F4918801DC8D36C0
CUCHUASI,JUJUY,ORO,"{""type"":""Point"",""coordinates"":[-66.5043133739851,-22.5934586740026]}",0101000020E6100000E20C9AAB46A050C05C5E5CE8EC9736C0
SANTO DOMINGO(RINCONADA),JUJUY,ORO,"{""type"":""Point"",""coordinates"":[-66.2688215303795,-22.6709084815765]}",0101000020E6100000335C385F349150C0DEFA82A8C0AB36C0
GRUPO PIRQUITAS,JUJUY,ESTANO,"{""type"":""Point"",""coordinates"":[-66.3782703614848,-22.7015782843536]}",0101000020E6100000E5E7E394359850C0EEE16AA29AB336C0
,JUJUY,ESTANO,"{""type"":""Point"",""coordinates"":[-66.5663427245543,-22.7612867884962]}",0101000020E610000070128EF53EA450C0C477E3B0E3C236C0
GRUPO PIRQUITAS,JUJUY,ESTANO,"{""type"":""Point"",""coordinates"":[-66.5659491524121,-22.7635975647597]}",0101000020E6100000C433CB8238A450C0C4F247217BC336C0
ESPERANZA,SALTA,COBRE,"{""type"":""Point"",""coordinates"":[-65.255221559502,-22.8023917875538]}",0101000020E6100000E5D2CE8C555050C0521F568C69CD36C0
GRUPO PIRQUITAS,JUJUY,ESTANO,"{""type"":""Point"",""coordinates"":[-66.4852401589866,-22.7941459751866]}",0101000020E61000006C63BD2C0E9F50C02EAD8F264DCB36C0
GRUPO PIRQUITAS,JUJUY,ESTANO,"{""type"":""Point"",""coordinates"":[-66.4169052963149,-22.7958029043243]}",0101000020E6100000EA4C8D93AE9A50C06E2238BDB9CB36C0
SILVIA; ROSARIO; DON STGO,JUJUY,COBRE,"{""type"":""Point"",""coordinates"":[-65.5313909502436,-22.9185597209202]}",0101000020E6100000F52B304F026250C076C6D8BA26EB36C0
ROSARIO DE COYAGUAIMA,JUJUY,ORO,"{""type"":""Point"",""coordinates"":[-66.733224610649,-22.9022097919419]}",0101000020E610000009D7EA26EDAE50C078858E38F7E636C0
LA COLORADA,SALTA,COBRE,"{""type"":""Point"",""coordinates"":[-66.3374314267355,-23.6999134169001]}",0101000020E61000002D9EFB79989550C01A9E93862DB337C0
,JUJUY,COBRE,"{""type"":""Point"",""coordinates"":[-65.4287472050995,-24.0657605451405]}",0101000020E6100000D5091E98705B50C0D6BEDEAED51038C0
LAGUNITA; PUEBLO VIEJO,SALTA,ORO,"{""type"":""Point"",""coordinates"":[-66.2620360955058,-24.0732264906488]}",0101000020E610000068240B33C59050C09489A6F8BE1238C0
ELSA,JUJUY,PLOMO PLATA ZINC,"{""type"":""Point"",""coordinates"":[-65.7604092690262,-24.1508039283663]}",0101000020E6100000BA82A38BAA7050C0027114169B2638C0
,JUJUY,PLOMO PLATA ZINC,"{""type"":""Point"",""coordinates"":[-65.3480802250466,-24.1644370129673]}",0101000020E61000006ABD47F2465650C042F2488B182A38C0
JUJUY,SALTA,COBRE,"{""type"":""Point"",""coordinates"":[-65.8038393545791,-24.1986683103373]}",0101000020E6100000E8C99E1A727350C070A627EDDB3238C0
SONCAIMAN,JUJUY,PLOMO PLATA ZINC,"{""type"":""Point"",""coordinates"":[-66.6256964898757,-24.2083544210266]}",0101000020E6100000404F4A690BA850C03E4920B7563538C0
VICU¥A,SALTA,PLOMO PLATA ZINC,"{""type"":""Point"",""coordinates"":[-66.3606772362221,-24.2772600010166]}",0101000020E6100000127FF955159750C0EADAEC82FA4638C0
CONCORDIA; LA PAZ,SALTA,COBRE,"{""type"":""Point"",""coordinates"":[-66.392623381205,-24.2890962138293]}",0101000020E6100000E57AD1BD209950C04ECB9F35024A38C0
SN ANTONIO DE LOS COBRES,SALTA,PLOMO PLATA ZINC,"{""type"":""Point"",""coordinates"":[-66.4409228186822,-24.3929885368835]}",0101000020E610000034935714389C50C00A9E91E59A6438C0
ARMONIA,SALTA,PLOMO PLATA ZINC,"{""type"":""Point"",""coordinates"":[-66.8128632925126,-24.4941206975512]}",0101000020E6100000795DC2F305B450C04E42ACB17E7E38C0
MACON,SALTA,COBRE,"{""type"":""Point"",""coordinates"":[-67.2866157445572,-24.5694960311494]}",0101000020E6100000165990E957D250C002FDEC7DCA9138C0
LEO; PHANTER,SALTA,PLOMO PLATA ZINC,"{""type"":""Point"",""coordinates"":[-67.9795685752527,-25.063385405032]}",0101000020E610000094B96440B1FE50C0F2A7A1063A1039C0
PURISIMA; SN JOSE,SALTA,PLOMO PLATA ZINC,"{""type"":""Point"",""coordinates"":[-67.8898516578888,-25.1147421970157]}",0101000020E61000001E3B5E54F3F850C046A79FBE5F1D39C0
LA CASUALIDAD,SALTA,COBRE,"{""type"":""Point"",""coordinates"":[-68.3028858171321,-25.1143323780719]}",0101000020E61000004BC0317B621351C05EB100E3441D39C0
SOROCHE,SALTA,PLOMO PLATA ZINC,"{""type"":""Point"",""coordinates"":[-66.7587466031468,-25.2522417934891]}",0101000020E6100000DA9DE94D8FB050C05EB80DEB924039C0
INCA VIEJO; LA PERSEGUIDA,SALTA,COBRE,"{""type"":""Point"",""coordinates"":[-66.7846480206345,-25.2864541940147]}",0101000020E6100000C4DF54AC37B250C05A18E30F554939C0
LA AMISTAD,SALTA,PLOMO PLATA ZINC,"{""type"":""Point"",""coordinates"":[-67.8933141631865,-25.3240654376532]}",0101000020E610000020FC2A0F2CF950C0087CD8F3F55239C0
MARGARITA; ZORROQUIN,SALTA,COBRE,"{""type"":""Point"",""coordinates"":[-65.6831358523854,-26.1044147877548]}",0101000020E61000001B2E707FB86B50C020A072EDBA1A3AC0
LOS CARDONES,SALTA,COBRE,"{""type"":""Point"",""coordinates"":[-66.3772118935763,-26.1115360034502]}",0101000020E6100000A0A45A3D249850C036259F9F8D1C3AC0
BANDI,SALTA,COBRE,"{""type"":""Point"",""coordinates"":[-65.0281160213077,-26.2016463298768]}",0101000020E6100000AA0024A7CC4150C0E02D08189F333AC0
LA VIEJA,SALTA,COBRE,"{""type"":""Point"",""coordinates"":[-65.9835565400489,-26.3347927416302]}",0101000020E6100000BB512197F27E50C0683D24FAB4553AC0
BENITO; FENIX,CATAMARCA,PLOMO PLATA ZINC,"{""type"":""Point"",""coordinates"":[-67.8803172927336,-26.3153451978781]}",0101000020E61000003699571E57F850C04AD67F76BA503AC0
ANDREA; CARMEN; ESPERANZA,TUCUMAN,MANGANESO,"{""type"":""Point"",""coordinates"":[-65.0182052073645,-26.5338426628393]}",0101000020E6100000D88F2C462A4150C0AE1AAAE9A9883AC0
LOS ARRAYANES;FARALLON BCO,TUCUMAN,ORO,"{""type"":""Point"",""coordinates"":[-64.9352024183351,-26.6618485213539]}",0101000020E6100000EA783E5BDA3B50C0EA1E9AE76EA93AC0
AGUAS CHIQUITAS; LA CASUALIDAD,TUCUMAN,MANGANESO,"{""type"":""Point"",""coordinates"":[-65.0695952879642,-26.7718278502801]}",0101000020E6100000C170CB3F744450C04A188F8296C53AC0
GRUPO LA HOYADA,CATAMARCA,COBRE,"{""type"":""Point"",""coordinates"":[-67.825958246751,-26.9917924197667]}",0101000020E61000000F6AFA7FDCF450C09251A71BE6FD3AC0
GRUPO LA HOYADA,CATAMARCA,PLOMO PLATA ZINC,"{""type"":""Point"",""coordinates"":[-67.7949408398837,-27.0044236250677]}",0101000020E61000008C638B4FE0F250C0E8FE1CE821013BC0
DIST MINERO CULAMPAJA,CATAMARCA,ORO,"{""type"":""Point"",""coordinates"":[-66.9855547861414,-27.0545935239864]}",0101000020E610000034B9615413BF50C0521858D7F90D3BC0
ITURRALDE PADRE; LA ESPA¥OLA,CATAMARCA,PLOMO PLATA ZINC,"{""type"":""Point"",""coordinates"":[-66.850258904198,-27.1798167355197]}",0101000020E61000006FAA52A46AB650C09A543678082E3BC0
FARALLON NEGRO,CATAMARCA,MANGANESO,"{""type"":""Point"",""coordinates"":[-66.6636804926271,-27.4015844349729]}",0101000020E6100000E8B4BEBD79AA50C082CACE3CCE663BC0
LA MORENITA,CATAMARCA,MANGANESO,"{""type"":""Point"",""coordinates"":[-66.2659750989038,-27.4494482461654]}",0101000020E6100000E7D56BBC059150C05E864E0A0F733BC0
FARALLON NEGRO,CATAMARCA,ORO,"{""type"":""Point"",""coordinates"":[-66.654183493077,-27.439900488101]}",0101000020E61000004F167124DEA950C060E381519D703BC0
LOS ANGELES; SN JAVIER,CATAMARCA,ORO,"{""type"":""Point"",""coordinates"":[-66.4119904451923,-27.4473027306547]}",0101000020E610000065172C0D5E9A50C0D092876E82723BC0
AGUA RICA; MI VIDA,CATAMARCA,COBRE,"{""type"":""Point"",""coordinates"":[-66.3166286510387,-27.4639371927019]}",0101000020E6100000034CD1A4439450C0820D7E96C4763BC0
EL VASQUITO; LA PILARICA,CATAMARCA,MANGANESO,"{""type"":""Point"",""coordinates"":[-66.966039707065,-27.6672871958481]}",0101000020E6100000D31E3598D3BD50C00A356B55D3AA3BC0
,CATAMARCA,ESTANO,"{""type"":""Point"",""coordinates"":[-67.3618406780277,-27.7407795312634]}",0101000020E6100000769FCD6528D750C08C5234BAA3BD3BC0
FIAMBALA; SN ANTONIO,CATAMARCA,PLOMO PLATA ZINC,"{""type"":""Point"",""coordinates"":[-67.5368974572644,-27.7776704320839]}",0101000020E6100000621027875CE250C0CADDD06815C73BC0
,CATAMARCA,ESTANO,"{""type"":""Point"",""coordinates"":[-67.402751041626,-27.7861126534006]}",0101000020E6100000AC0D4EACC6D950C0D053C9AD3EC93BC0
,CATAMARCA,ESTANO,"{""type"":""Point"",""coordinates"":[-67.2767301060217,-27.7907269488872]}",0101000020E6100000A1CB30F2B5D150C04E89D1146DCA3BC0
,CATAMARCA,ESTANO,"{""type"":""Point"",""coordinates"":[-67.4120120854324,-27.8268919825694]}",0101000020E6100000481FF0675EDA50C0CA756631AFD33BC0
CRISTINA; SUERTE,CATAMARCA,PLOMO PLATA ZINC,"{""type"":""Point"",""coordinates"":[-67.9838044038417,-27.8507163575783]}",0101000020E61000004C0ABFA6F6FE50C096F8158CC8D93BC0
LA DESC DE LOS APAREJOS,CATAMARCA,COBRE,"{""type"":""Point"",""coordinates"":[-68.4469734814372,-27.8366843803644]}",0101000020E6100000F13CA9369B1C51C02CBD92F230D63BC0
POZO PIRCADO,CATAMARCA,COBRE,"{""type"":""Point"",""coordinates"":[-67.5514392415795,-27.8741604514295]}",0101000020E61000002C14D1C74AE350C0A258B6FAC8DF3BC0
,CATAMARCA,ESTANO,"{""type"":""Point"",""coordinates"":[-67.3914965743871,-27.931689539897]}",0101000020E610000047DFA5470ED950C010E2A73483EE3BC0
,CATAMARCA,ESTANO,"{""type"":""Point"",""coordinates"":[-67.4824498386938,-27.944004513539]}",0101000020E61000009CC94975E0DE50C02EEDA047AAF13BC0
LA TOTORITA,CATAMARCA,URANIO,"{""type"":""Point"",""coordinates"":[-67.7922873723019,-28.11284480173]}",0101000020E6100000804418D6B4F250C034F49C65E31C3CC0
EL ESPIADERO,CATAMARCA,COBRE,"{""type"":""Point"",""coordinates"":[-68.0180857258679,-28.2123247217975]}",0101000020E610000021480851280151C0AC40B8E95A363CC0
LAS HIGUERITAS,CATAMARCA,URANIO,"{""type"":""Point"",""coordinates"":[-67.7029408697821,-28.2283232754708]}",0101000020E610000017AFB3FBFCEC50C00A10E964733A3CC0
CATITA I-II-III; ESTRELLA I,LA RIOJA,ORO,"{""type"":""Point"",""coordinates"":[-68.3744209939328,-28.2505433348863]}",0101000020E610000027F87883F61751C04691A59B23403CC0
LA LAGUNITA,LA RIOJA,PLOMO PLATA ZINC,"{""type"":""Point"",""coordinates"":[-68.1375773226684,-28.2756016717993]}",0101000020E610000010621D11CE0851C0DE19C7D48D463CC0
BONANZA,CATAMARCA,URANIO,"{""type"":""Point"",""coordinates"":[-67.6728898520247,-28.2972427172237]}",0101000020E6100000661099A010EB50C03A734519184C3CC0
LA ARAGONESA,LA RIOJA,COBRE,"{""type"":""Point"",""coordinates"":[-68.1010160260313,-28.2843562516355]}",0101000020E6100000460BEC0B770651C008304192CB483CC0
LA ALUMBRERA RIOJANA,LA RIOJA,PLOMO PLATA ZINC,"{""type"":""Point"",""coordinates"":[-67.9940406430544,-28.3144174210958]}",0101000020E61000000F34A55C9EFF50C022E6FCA87D503CC0
LA PAMPITA,LA RIOJA,PLOMO PLATA ZINC,"{""type"":""Point"",""coordinates"":[-68.3626970817847,-28.3043923903031]}",0101000020E6100000B027D26D361751C0C680E1A8EC4D3CC0
ALUMBRERA OESTE; PONCHO,LA RIOJA,PLOMO PLATA ZINC,"{""type"":""Point"",""coordinates"":[-68.459550218164,-28.4375761065067]}",0101000020E610000095785145691D51C014F5DAFC04703CC0
ANDACOLLO,LA RIOJA,PLOMO PLATA ZINC,"{""type"":""Point"",""coordinates"":[-67.869852212123,-28.4744097256304]}",0101000020E6100000FEDA9CA8ABF750C0A87C70EA72793CC0
SANTA LUCIA,LA RIOJA,PLOMO PLATA ZINC,"{""type"":""Point"",""coordinates"":[-67.9813878093262,-28.4934679780789]}",0101000020E6100000F06FD00ECFFE50C0D678DBEA537E3CC0
MARTA III,LA RIOJA,COBRE,"{""type"":""Point"",""coordinates"":[-68.6268044149028,-28.5331711044365]}",0101000020E6100000BFBF43901D2851C026BAC8E67D883CC0
MARIA JOSEFINA; M LUISA,LA RIOJA,COBRE,"{""type"":""Point"",""coordinates"":[-68.6376135118531,-28.5693074972704]}",0101000020E61000006439E7A8CE2851C0CE24DA22BE913CC0
MAL PASO I-II,LA RIOJA,ORO,"{""type"":""Point"",""coordinates"":[-67.8305208867858,-28.6568446116453]}",0101000020E6100000F4D8134127F550C00C92EDF726A83CC0
VIRGEN DEL CARMEN,LA RIOJA,COBRE,"{""type"":""Point"",""coordinates"":[-68.5196052459946,-28.6594446706701]}",0101000020E61000001D985C36412151C0A80CAE5DD1A83CC0
RUISE¥OR,LA RIOJA,COBRE,"{""type"":""Point"",""coordinates"":[-68.8034246379172,-28.6528280639147]}",0101000020E6100000EA292C4F6B3351C0C06C70BD1FA73CC0
SOTRAM,LA RIOJA,COBRE,"{""type"":""Point"",""coordinates"":[-67.8842258410231,-28.72581945968]}",0101000020E6100000375EFB2797F850C04E20DA4DCFB93CC0
CERRO GALLEGO I,LA RIOJA,MANGANESO,"{""type"":""Point"",""coordinates"":[-67.0721142385317,-28.7580326678335]}",0101000020E610000075040A859DC450C004A5CD6D0EC23CC0
SANTA MARIA,LA RIOJA,COBRE,"{""type"":""Point"",""coordinates"":[-68.7382395958646,-28.7231604270081]}",0101000020E610000071364A513F2F51C0D2C2AF0A21B93CC0
MOGOTE RIO BLANCO,LA RIOJA,ORO,"{""type"":""Point"",""coordinates"":[-67.7273391013909,-28.8064859301092]}",0101000020E6100000DC644DB98CEE50C0DC80A6DC75CE3CC0
AUSTRALIA; BELLA VISTA,LA RIOJA,COBRE,"{""type"":""Point"",""coordinates"":[-67.7552974210314,-28.811611928497]}",0101000020E61000004D85FECA56F050C02CF0A1CCC5CF3CC0
LA CUESTA; YARETA,LA RIOJA,COBRE,"{""type"":""Point"",""coordinates"":[-68.7561211681057,-28.7977505121218]}",0101000020E6100000F4340A4A643051C032EEA76039CC3CC0
RUISE¥OR,LA RIOJA,COBRE,"{""type"":""Point"",""coordinates"":[-68.5767170138585,-28.834196654202]}",0101000020E61000006A647AEEE82451C0F83A74E98DD53CC0
LA NEGRA,SAN JUAN,PLOMO PLATA ZINC,"{""type"":""Point"",""coordinates"":[-69.4912179777595,-28.8094156137022]}",0101000020E6100000CB6B871D705F51C00EB995DC35CF3CC0
LOS PIRATAS; LA UNION,CATAMARCA,MANGANESO,"{""type"":""Point"",""coordinates"":[-66.2391580508204,-28.9333002885611]}",0101000020E610000052B6915D4E8F50C0AAB788C4ECEE3CC0
LA AZUL,SAN JUAN,PLOMO PLATA ZINC,"{""type"":""Point"",""coordinates"":[-69.4584843011783,-28.8235887158937]}",0101000020E610000092D289CE575D51C0301EC8B5D6D23CC0
SALTO NEGRO; EL TOCINO,LA RIOJA,PLOMO PLATA ZINC,"{""type"":""Point"",""coordinates"":[-67.8935303251482,-28.904667084531]}",0101000020E6100000BC1FD1992FF950C012D4154398E73CC0
TRAMPASACHA,CATAMARCA,MANGANESO,"{""type"":""Point"",""coordinates"":[-66.2968875844568,-28.9569178990682]}",0101000020E61000002275C834009350C06A744992F8F43CC0
JOSEFINA,SAN JUAN,PLOMO PLATA ZINC,"{""type"":""Point"",""coordinates"":[-69.4845067237023,-28.8541061004335]}",0101000020E6100000983F7D28025F51C014AD88B2A6DA3CC0
EL DIAGUITA,LA RIOJA,COBRE,"{""type"":""Point"",""coordinates"":[-66.8175333000552,-28.9726544450373]}",0101000020E61000002FC8307752B450C088BEB7E1FFF83CC0
SN JUAN; STA ROSA,LA RIOJA,COBRE,"{""type"":""Point"",""coordinates"":[-67.6427309367509,-29.0146120240542]}",0101000020E61000003D5EF08022E950C0F870159DBD033DC0
HELIOS,LA RIOJA,PLOMO PLATA ZINC,"{""type"":""Point"",""coordinates"":[-68.4427937929881,-29.005534118598]}",0101000020E61000005BF0C6BB561C51C0F4631AAF6A013DC0
D. LA MEJICANA(N DE FAMATINA),LA RIOJA,COBRE,"{""type"":""Point"",""coordinates"":[-67.8057188905621,-29.0880694808278]}",0101000020E6100000F12EF7E590F350C05EEEB3B88B163DC0
SN FRANCISCO; SN JOSE,LA RIOJA,PLOMO PLATA ZINC,"{""type"":""Point"",""coordinates"":[-68.7954847424267,-29.058189451993]}",0101000020E6100000234CD638E93251C036480181E50E3DC0
LOS CONDORES;  CANSADO,LA RIOJA,PLOMO PLATA ZINC,"{""type"":""Point"",""coordinates"":[-68.8952187404546,-29.0919744209819]}",0101000020E610000031418B434B3951C09E2FBAA28B173DC0
D. LOS BAJOS(N DE FAMATINA),LA RIOJA,COBRE,"{""type"":""Point"",""coordinates"":[-67.8175464805428,-29.1434167481968]}",0101000020E61000000B3979AE52F450C03834C3F5B6243DC0
LA ESCONDIDA,LA RIOJA,PLOMO PLATA ZINC,"{""type"":""Point"",""coordinates"":[-67.6596655671201,-29.1620834873826]}",0101000020E61000000145EDF537EA50C0A687AD4D7E293DC0
STA MARIAII,LA RIOJA,PLOMO PLATA ZINC,"{""type"":""Point"",""coordinates"":[-68.8236214711099,-29.1179135710038]}",0101000020E6100000D4ACD436B63451C03A3773952F1E3DC0
EL ORO,LA RIOJA,ORO,"{""type"":""Point"",""coordinates"":[-67.7498510120707,-29.1902551762473]}",0101000020E6100000D66D198FFDEF50C076E02F90B4303DC0
LAS VEGAS,LA RIOJA,URANIO,"{""type"":""Point"",""coordinates"":[-67.6191303884432,-29.2032133153038]}",0101000020E6100000B39410D59FE750C06A57AFC905343DC0
EDUARDO,LA RIOJA,PLOMO PLATA ZINC,"{""type"":""Point"",""coordinates"":[-67.7056072614194,-29.2411148609507]}",0101000020E610000072E75BAB28ED50C0EE5C1AB4B93D3DC0
GRUPO MINERO EL CANTADERO,LA RIOJA,PLOMO PLATA ZINC,"{""type"":""Point"",""coordinates"":[-66.7401210007809,-29.2858915352315]}",0101000020E6100000F65B79245EAF50C0BE050A3030493DC0
ESTRELLA,LA RIOJA,URANIO,"{""type"":""Point"",""coordinates"":[-68.8930291730767,-29.2101675782959]}",0101000020E6100000432FD563273951C0D475DB8ACD353DC0
LOS CEREZOS; MODELO,LA RIOJA,COBRE,"{""type"":""Point"",""coordinates"":[-67.6531330278799,-29.3959908907166]}",0101000020E6100000A0AB78EECCE950C04C24B5A85F653DC0
LA NOVEDAD; LA PRIMERA,LA RIOJA,URANIO,"{""type"":""Point"",""coordinates"":[-67.8313735686698,-29.3896535373293]}",0101000020E6100000880C7C3935F550C096998F55C0633DC0
CURIE I-II,LA RIOJA,URANIO,"{""type"":""Point"",""coordinates"":[-67.6775404530991,-29.4279832483709]}",0101000020E6100000C7F1A1D25CEB50C01EFD664F906D3DC0
,LA RIOJA,COBRE,"{""type"":""Point"",""coordinates"":[-67.7138590669605,-29.4314245737102]}",0101000020E610000019A3F0DDAFED50C0ACC642D7716E3DC0
LA PRIMERA,SAN JUAN,PLOMO PLATA ZINC,"{""type"":""Point"",""coordinates"":[-69.5115993150937,-29.380607799317]}",0101000020E6100000EEBE0D0BBE6051C03AAB42836F613DC0
LA SEGUNDA,SAN JUAN,PLOMO PLATA ZINC,"{""type"":""Point"",""coordinates"":[-69.4699436371191,-29.3905912855908]}",0101000020E6100000F6187A8E135E51C004B75DCAFD633DC0
JOSEFA I-II; LA CANDELARIA,LA RIOJA,URANIO,"{""type"":""Point"",""coordinates"":[-67.6436129118016,-29.4749711184566]}",0101000020E610000026DE35F430E950C0C7500CB597793DC0
PITIN,LA RIOJA,URANIO,"{""type"":""Point"",""coordinates"":[-68.8756656638398,-29.4444257861565]}",0101000020E6100000001BFFE70A3851C0880A69E3C5713DC0
LAGUNITA,SAN JUAN,PLOMO PLATA ZINC,"{""type"":""Point"",""coordinates"":[-69.4247301542269,-29.4326321982648]}",0101000020E6100000E38162C72E5B51C064BED6FBC06E3DC0
LA COSTENITA,LA RIOJA,COBRE,"{""type"":""Point"",""coordinates"":[-67.6600800134464,-29.5152206632776]}",0101000020E6100000BA9F3DC03EEA50C022005B80E5833DC0
SN LORENZO; RUBEN; TIRO,LA RIOJA,URANIO,"{""type"":""Point"",""coordinates"":[-67.8208115576436,-29.514879561985]}",0101000020E61000008510332D88F450C0BC1AA025CF833DC0
ALEJANDRO; ROSITA,LA RIOJA,PLOMO PLATA ZINC,"{""type"":""Point"",""coordinates"":[-68.4374692044615,-29.5673333290392]}",0101000020E6100000D88AD57EFF1B51C08327CEC13C913DC0
BEATRIZ; LA ESPERANZA,CORDOBA,MANGANESO,"{""type"":""Point"",""coordinates"":[-64.0761557835367,-29.6922909655029]}",0101000020E61000003EEC81BCDF0450C0BE2610FB39B13DC0
FELICIDAD; NAVIDAD,LA RIOJA,URANIO,"{""type"":""Point"",""coordinates"":[-67.6674347386923,-29.6219825343356]}",0101000020E610000074B93140B7EA50C090A7533F3A9F3DC0
CARMEN LIDIA; LOS PANCHOS,CORDOBA,MANGANESO,"{""type"":""Point"",""coordinates"":[-64.1799774727548,-29.7133058057874]}",0101000020E6100000EADF3BC0840B50C06EE793359BB63DC0
CACHI; DO¥A MARIA,CORDOBA,MANGANESO,"{""type"":""Point"",""coordinates"":[-64.0235700443455,-29.7530989520643]}",0101000020E61000004468EE2B820150C0A0C4C917CBC03DC0
COMPIN I; EMMA I-II,LA RIOJA,PLOMO PLATA ZINC,"{""type"":""Point"",""coordinates"":[-68.8283794600771,-29.652481409345]}",0101000020E6100000656D482B043551C076628A0509A73DC0
MIGUEL,CORDOBA,MANGANESO,"{""type"":""Point"",""coordinates"":[-64.0932154347765,-29.7886508677416]}",0101000020E61000003CF6DE3DF70550C08AE9F405E5C93DC0
LA CUESTA,LA RIOJA,URANIO,"{""type"":""Point"",""coordinates"":[-68.8514652477418,-29.6751671628397]}",0101000020E6100000D02E18687E3651C0D2BA53C1D7AC3DC0
SAN JOSE,SAN JUAN,ORO,"{""type"":""Point"",""coordinates"":[-69.3530011369797,-29.6896148298617]}",0101000020E6100000D2B11492975651C0B217F5988AB03DC0
SAN JUDAS,SAN JUAN,ORO,"{""type"":""Point"",""coordinates"":[-69.407112424335,-29.7053557585941]}",0101000020E6100000181445210E5A51C0FF34EB3192B43DC0
CERRO ASPERO,SAN JUAN,URANIO,"{""type"":""Point"",""coordinates"":[-68.7576620049789,-29.7497777552086]}",0101000020E61000009A33C7887D3051C0AEE3596FF1BF3DC0
GENERAL BELGRANO,SAN JUAN,ORO,"{""type"":""Point"",""coordinates"":[-68.6690088148395,-29.8039117921631]}",0101000020E61000002A1E590AD12A51C08B35C829CDCD3DC0
LAS CATITAS,SAN JUAN,URANIO,"{""type"":""Point"",""coordinates"":[-68.8057508455845,-29.8213203113596]}",0101000020E61000009FA0FE6B913351C088D4440C42D23DC0
RETIRO,CORDOBA,MANGANESO,"{""type"":""Point"",""coordinates"":[-64.1479272218554,-29.9527389359049]}",0101000020E6100000A903BDA3770950C06C56EBB2E6F33DC0
LA SALAMANCA,SAN JUAN,ORO,"{""type"":""Point"",""coordinates"":[-68.6985772393979,-29.8389195928759]}",0101000020E6100000673C4F7DB52C51C02C60376FC3D63DC0
CERRO BLANCO,SAN JUAN,URANIO,"{""type"":""Point"",""coordinates"":[-68.7622484342451,-29.8868706108652]}",0101000020E61000009F20A8ADC83051C00C73CDF309E33DC0
DESPRECIADA,SAN JUAN,ORO,"{""type"":""Point"",""coordinates"":[-69.0303245939364,-29.891008571331]}",0101000020E610000029CE90D6F04151C07952422319E43DC0
JULIO CESAR,SAN JUAN,PLOMO PLATA ZINC,"{""type"":""Point"",""coordinates"":[-69.6478469497562,-29.8795385536787]}",0101000020E610000008810D53766951C0009F4B7029E13DC0
LA PUNILLA,SAN JUAN,ORO,"{""type"":""Point"",""coordinates"":[-69.0381681094047,-29.9433410479596]}",0101000020E61000002C69A758714251C007F685CC7EF13DC0
EL RANCHITO,SAN JUAN,URANIO,"{""type"":""Point"",""coordinates"":[-68.6092546076492,-29.9653532624712]}",0101000020E61000009AB20907FE2651C08866336421F73DC0
EL PESCADO ATOMICO,SAN JUAN,URANIO,"{""type"":""Point"",""coordinates"":[-68.7139532164516,-29.9790282177501]}",0101000020E610000024E2D468B12D51C01819E197A1FA3DC0
EL PESCADO,SAN JUAN,COBRE,"{""type"":""Point"",""coordinates"":[-68.6780176153306,-30.0078797037763]}",0101000020E61000003EFDFEA3642B51C086057E6704023EC0
LOS CABALLOS,SAN JUAN,ORO,"{""type"":""Point"",""coordinates"":[-68.8740051265668,-30.0308270165064]}",0101000020E6100000FFC832B3EF3751C078BA8347E4073EC0
LA ENTERRADA,SAN JUAN,URANIO,"{""type"":""Point"",""coordinates"":[-68.3323032300144,-30.0845840135095]}",0101000020E61000001851C474441551C0A1C9434CA7153EC0
ZONA DE GAUCHI,SAN JUAN,ORO,"{""type"":""Point"",""coordinates"":[-68.8743599469276,-30.0714520927928]}",0101000020E6100000203F6C83F53751C0ABC631AF4A123EC0
GUALAMPI,SAN JUAN,URANIO,"{""type"":""Point"",""coordinates"":[-68.5472569556702,-30.1028748543008]}",0101000020E61000002EC70942062351C07DCDA601561A3EC0
SAN ANTONIO,SAN JUAN,COBRE,"{""type"":""Point"",""coordinates"":[-69.7081718742648,-30.2748317560347]}",0101000020E610000082FA1FB0526D51C04212BC5F5B463EC0
RINCON SECO,SAN JUAN,PLOMO PLATA ZINC,"{""type"":""Point"",""coordinates"":[-69.7158472547028,-30.2980828248372]}",0101000020E610000053F80071D06D51C0DC2CF0274F4C3EC0
DON CARLOS,SAN JUAN,PLOMO PLATA ZINC,"{""type"":""Point"",""coordinates"":[-69.8697519010472,-30.2917518723228]}",0101000020E61000006CA8E003AA7751C04E2C2E40B04A3EC0
CATALINA,SAN JUAN,PLOMO PLATA ZINC,"{""type"":""Point"",""coordinates"":[-69.7339121079887,-30.5511196240794]}",0101000020E6100000CA7C7D6AF86E51C0DB9AF92C168D3EC0
SAN PABLO,SAN JUAN,ORO,"{""type"":""Point"",""coordinates"":[-69.6701732962774,-30.6564736496485]}",0101000020E61000007C8A891EE46A51C010ED37A80EA83EC0
DELIA,CORDOBA,ORO,"{""type"":""Point"",""coordinates"":[-65.3822879574197,-30.8356363238317]}",0101000020E61000006BB1E867775850C0EF341A43ECD53EC0
DOS AMIGOS,SAN JUAN,COBRE,"{""type"":""Point"",""coordinates"":[-69.5363405641799,-30.7478552831992]}",0101000020E6100000EFAA5F67536251C0447B9F7173BF3EC0
LA CORDOBESA,CORDOBA,PLOMO PLATA ZINC,"{""type"":""Point"",""coordinates"":[-64.6839638159027,-30.9160817399122]}",0101000020E6100000C13C2B10C62B50C0C162395584EA3EC0
KO-TI-BE,LA RIOJA,URANIO,"{""type"":""Point"",""coordinates"":[-66.482365310897,-30.8925072435649]}",0101000020E6100000C0C1C012DF9E50C0E28DCE5A7BE43EC0
STA TERESITA,SAN JUAN,COBRE,"{""type"":""Point"",""coordinates"":[-68.4546986215272,-30.8358860394137]}",0101000020E6100000B83F3FC8191D51C0FB76A2A0FCD53EC0
LA VIEJA,CORDOBA,COBRE,"{""type"":""Point"",""coordinates"":[-64.7037441846594,-30.9574530478974]}",0101000020E610000033770C250A2D50C0CD2C98A41BF53EC0
DON ARTURO,SAN JUAN,COBRE,"{""type"":""Point"",""coordinates"":[-69.7455250444937,-30.8159313386033]}",0101000020E6100000C01CADAEB66F51C01E154FE0E0D03EC0
NUEVA AURORA,CORDOBA,MANGANESO,"{""type"":""Point"",""coordinates"":[-65.2579468228618,-30.9827450370554]}",0101000020E61000001D136433825050C09975C22D95FB3EC0
GRUPO LA CANDELARIA,CORDOBA,ORO,"{""type"":""Point"",""coordinates"":[-64.8562317715195,-31.0499396881872]}",0101000020E61000003B1E5880CC3650C06289EFD8C80C3FC0
SAN IGNACIO,CORDOBA,ORO,"{""type"":""Point"",""coordinates"":[-64.5553689140038,-31.0724955691944]}",0101000020E610000020B70E2A8B2350C082CBD2118F123FC0
STA TERESITA,CORDOBA,MANGANESO,"{""type"":""Point"",""coordinates"":[-65.2573764928575,-31.0670811849831]}",0101000020E610000040E540DB785050C0EAAD873B2C113FC0
GRUPO LA CANDELARIA,CORDOBA,ORO,"{""type"":""Point"",""coordinates"":[-64.8207275973845,-31.1015056908663]}",0101000020E6100000386C0BCD863450C0E7A0E646FC193FC0
GRUPO LA CANDELARIA,CORDOBA,ORO,"{""type"":""Point"",""coordinates"":[-64.8741962901037,-31.1057411321413]}",0101000020E6100000EC11FFD4F23750C09263D0D9111B3FC0
PASCUALITO,CORDOBA,PLOMO PLATA ZINC,"{""type"":""Point"",""coordinates"":[-65.2075132242886,-31.1034510465974]}",0101000020E6100000A5F38BE5474D50C069DF8DC47B1A3FC0
GRUPO LA CANDELARIA,CORDOBA,ORO,"{""type"":""Point"",""coordinates"":[-64.8248185093961,-31.1403552995571]}",0101000020E61000007ABF92D3C93450C00C6B2D53EE233FC0
LA CASUALIDAD,CORDOBA,PLOMO PLATA ZINC,"{""type"":""Point"",""coordinates"":[-64.5694445557709,-31.1633343516473]}",0101000020E6100000F8FA93C7712450C079A3B247D0293FC0
GRUPO LA CANDELARIA,CORDOBA,ORO,"{""type"":""Point"",""coordinates"":[-64.9148239756632,-31.168781494466]}",0101000020E61000007B44DC798C3A50C0C8E69643352B3FC0
,CORDOBA,PLOMO PLATA ZINC,"{""type"":""Point"",""coordinates"":[-65.4086541108942,-31.1800857621267]}",0101000020E6100000AC6A9263275A50C02DCFBA191A2E3FC0
BALITO; EL NI¥O DIOS,CORDOBA,PLOMO PLATA ZINC,"{""type"":""Point"",""coordinates"":[-64.9812511743679,-31.2029131502226]}",0101000020E61000009AC4B9D1CC3E50C05D22C01DF2333FC0
POCA ROPA,CORDOBA,PLOMO PLATA ZINC,"{""type"":""Point"",""coordinates"":[-64.6649497784009,-31.2076773362132]}",0101000020E6100000B8ED83898E2A50C0F12787572A353FC0
BUENA FORTUNA,SAN JUAN,ORO,"{""type"":""Point"",""coordinates"":[-67.6006260968879,-31.1434180560741]}",0101000020E61000007CD070A870E650C08D7EB40BB7243FC0
ANIO; CHINITA,CORDOBA,COBRE,"{""type"":""Point"",""coordinates"":[-64.717710501964,-31.2197197223644]}",0101000020E6100000997B07F8EE2D50C053D73D8D3F383FC0
DON PEDRO; EL INDIO,CORDOBA,COBRE,"{""type"":""Point"",""coordinates"":[-64.557344887923,-31.234016479635]}",0101000020E6100000358EE489AB2350C0E3C10681E83B3FC0
GRUPO LA CANDELARIA,CORDOBA,ORO,"{""type"":""Point"",""coordinates"":[-64.9356793852892,-31.2474377442676]}",0101000020E6100000F0D6C92BE23B50C0E96C7B14583F3FC0
GRUPO MINERO CASTA¥O NUEVO,SAN JUAN,PLOMO PLATA ZINC,"{""type"":""Point"",""coordinates"":[-69.683029694071,-31.1078353183593]}",0101000020E6100000D98E2DC2B66B51C0F6B46D189B1B3FC0
CASTA¥O NUEVO,SAN JUAN,ORO,"{""type"":""Point"",""coordinates"":[-69.6270219340839,-31.1939708658085]}",0101000020E6100000F4309B20216851C03A061D13A8313FC0
NUCHA,CORDOBA,COBRE,"{""type"":""Point"",""coordinates"":[-64.3455729668657,-31.3629904599798]}",0101000020E61000007BC413DE1D1650C0925F5AF1EC5C3FC0
PUNILLA; RODOLFO,CORDOBA,URANIO,"{""type"":""Point"",""coordinates"":[-64.4386938847338,-31.3894948845395]}",0101000020E6100000C4F8838F131C50C0730ECFEFB5633FC0
JOSEFINA,SAN JUAN,COBRE,"{""type"":""Point"",""coordinates"":[-69.4978120591501,-31.2841712121542]}",0101000020E6100000A8661C27DC5F51C0C7AACE71BF483FC0
EL JOTE,SAN JUAN,PLOMO PLATA ZINC,"{""type"":""Point"",""coordinates"":[-69.4784028390955,-31.3207648596999]}",0101000020E6100000A00EF1269E5E51C0F01D56A51D523FC0
SAN JOSE,SAN JUAN,PLOMO PLATA ZINC,"{""type"":""Point"",""coordinates"":[-69.7738827663707,-31.3691218234932]}",0101000020E61000000220954B877151C0A62490C47E5E3FC0
SCHALAGINWIT,CORDOBA,URANIO,"{""type"":""Point"",""coordinates"":[-64.7797071958506,-31.5630391415922]}",0101000020E610000094A802B9E63150C09D814B5523903FC0
ADRIANA I-XXXV,LA RIOJA,ORO,"{""type"":""Point"",""coordinates"":[-66.336915708,-31.6902386124339]}",0101000020E61000009CD7E606909550C004D74A7AB3B03FC0
EL TONTAL,SAN JUAN,PLOMO PLATA ZINC,"{""type"":""Point"",""coordinates"":[-69.2600169001709,-31.7408859471604]}",0101000020E61000000EA9EC1DA45051C0AB1E91B3AABD3FC0
SAN ISIDRO,LA RIOJA,ORO,"{""type"":""Point"",""coordinates"":[-66.3043958694968,-31.8984114286739]}",0101000020E6100000AF21D0387B9350C0C581984AFEE53FC0
LA LITA; LA LEALTAD,CORDOBA,PLOMO PLATA ZINC,"{""type"":""Point"",""coordinates"":[-64.4770719284811,-31.9362500256092]}",0101000020E6100000A1AAB258881E50C0EADEE814AEEF3FC0
INMACULADA CONCEPCION,CORDOBA,COBRE,"{""type"":""Point"",""coordinates"":[-64.39420247738,-31.9819056171988]}",0101000020E61000005916079D3A1950C0ACA0A12A5EFB3FC0
STA TERESA,CORDOBA,PLOMO PLATA ZINC,"{""type"":""Point"",""coordinates"":[-64.4432977227434,-32.0034713198648]}",0101000020E6100000BE6469FD5E1C50C085A58ABF710040C0
EL TIO,CORDOBA,COBRE,"{""type"":""Point"",""coordinates"":[-64.406316679694,-32.1457603796613]}",0101000020E6100000BCC6AC17011A50C04CD9AF46A81240C0
LA TINAJA,SAN LUIS,PLOMO PLATA ZINC,"{""type"":""Point"",""coordinates"":[-65.5779634974504,-32.3767139840118]}",0101000020E610000030F59B5AFD6450C066A3F029383040C0
DEDY,MENDOZA,ORO,"{""type"":""Point"",""coordinates"":[-69.0856284821414,-32.2865423804392]}",0101000020E6100000D499E2EF7A4551C0BF73B46BAD2440C0
LA PLUMA; CHINA VIEJA,SAN LUIS,PLOMO PLATA ZINC,"{""type"":""Point"",""coordinates"":[-65.5017960456411,-32.4334642452527]}",0101000020E61000009B52296D1D6050C045ACA2C17B3740C0
EL NEUTRON,SAN LUIS,URANIO,"{""type"":""Point"",""coordinates"":[-65.829163490796,-32.4314123374117]}",0101000020E61000006600BF03117550C01423FC84383740C0
GRACIELA ELSA; JORGE ALFREDO,SAN LUIS,PLOMO PLATA ZINC,"{""type"":""Point"",""coordinates"":[-65.4523320162292,-32.451445194103]}",0101000020E6100000D928FC01F35C50C0F14DC4F4C83940C0
FARALLON NEGRO,SAN LUIS,PLOMO PLATA ZINC,"{""type"":""Point"",""coordinates"":[-65.597780926038,-32.4834682107153]}",0101000020E61000005FE0ED0A426650C0C1D64C49E23D40C0
DESEADA,MENDOZA,ORO,"{""type"":""Point"",""coordinates"":[-69.0302700438223,-32.4235655603521]}",0101000020E6100000FB10C4F1EF4151C04AB67265373640C0
NUMERO 4,MENDOZA,ORO,"{""type"":""Point"",""coordinates"":[-68.9973381236464,-32.4470656312635]}",0101000020E610000062074863D43F51C0A2B85472393940C0
BRILLANTE; CARMEN,MENDOZA,ORO,"{""type"":""Point"",""coordinates"":[-69.1956943043913,-32.4388253228317]}",0101000020E6100000F0576741864C51C0FC1B9D6D2B3840C0
SALVADORA,MENDOZA,ORO,"{""type"":""Point"",""coordinates"":[-69.0343352708027,-32.4650976444022]}",0101000020E6100000984C908C324251C0BD13D251883B40C0
CERRO SAN ANTONIO; FRANKLIN,MENDOZA,COBRE,"{""type"":""Point"",""coordinates"":[-69.2472707033925,-32.5141929916904]}",0101000020E61000001A158048D34F51C03C927113D14140C0
MANTOS DE COBRE,MENDOZA,COBRE,"{""type"":""Point"",""coordinates"":[-69.0478017492443,-32.5243830590015]}",0101000020E61000008C6C112F0F4351C0797EECFB1E4340C0
BOQUI; LEOPOLDINA,MENDOZA,ORO,"{""type"":""Point"",""coordinates"":[-69.1318546687397,-32.6147296061762]}",0101000020E6100000F483904E704851C07034B175AF4E40C0
SAN ANTONIO,MENDOZA,COBRE,"{""type"":""Point"",""coordinates"":[-68.9189201738573,-32.6359724520758]}",0101000020E610000086968F96CF3A51C04469998B675140C0
ARIANNE,SAN LUIS,PLOMO PLATA ZINC,"{""type"":""Point"",""coordinates"":[-65.5505240358269,-32.7505138502583]}",0101000020E610000078622AC93B6350C0F6067DD6106040C0
MORTEGA (GRUPO CAROLINA),SAN LUIS,ORO,"{""type"":""Point"",""coordinates"":[-66.145199495158,-32.9202204782468]}",0101000020E61000005DC6D2F24A8950C0F496DDC8C97540C0
LAS PALOMAS (GRUPO CAROLINA),SAN LUIS,ORO,"{""type"":""Point"",""coordinates"":[-66.0797926445138,-32.9220452774104]}",0101000020E610000079A99B521B8550C052F46394057640C0
GERMINAL,MENDOZA,COBRE,"{""type"":""Point"",""coordinates"":[-70.150110336928,-32.7681890249265]}",0101000020E61000006DF962689B8951C0529A9904546240C0
SN SALVADOR (GRUPO CAROLINA),SAN LUIS,ORO,"{""type"":""Point"",""coordinates"":[-66.1569366982906,-33.0043251551186]}",0101000020E6100000D0AC38400B8A50C070E407BA8D8040C0
EL SOL,MENDOZA,COBRE,"{""type"":""Point"",""coordinates"":[-70.141318697261,-32.842614746225]}",0101000020E610000025C3935D0B8951C0F214CDCCDA6B40C0
MANTO AZUL; MANTO FLOR,MENDOZA,COBRE,"{""type"":""Point"",""coordinates"":[-69.3235881272456,-32.8900885118709]}",0101000020E610000030F9F9AAB55451C0F1839C6BEE7140C0
LA CELESTINA; LA LUCIA,SAN LUIS,ORO,"{""type"":""Point"",""coordinates"":[-65.9006384504679,-33.0416008421698]}",0101000020E6100000E691740FA47950C07B4D282D538540C0
LA BLANCA,MENDOZA,COBRE,"{""type"":""Point"",""coordinates"":[-69.3068114190489,-32.9297481367549]}",0101000020E6100000ACB65CCCA25351C08E70A8FC017740C0
SAN LORENZO,MENDOZA,COBRE,"{""type"":""Point"",""coordinates"":[-69.2508459578236,-32.9361046316061]}",0101000020E6100000E74B34DC0D5051C0EC30CD46D27740C0
LA CAMPEONA,MENDOZA,COBRE,"{""type"":""Point"",""coordinates"":[-70.1020396389239,-32.9011929662961]}",0101000020E6100000B80444D1878651C03CD0864A5A7340C0
CHIVILCOY; EL OMAR,MENDOZA,COBRE,"{""type"":""Point"",""coordinates"":[-69.1120371178423,-32.9565731349671]}",0101000020E61000008B44BB9D2B4751C036750DFD707A40C0
EL BOLIVIANO,MENDOZA,PLOMO PLATA ZINC,"{""type"":""Point"",""coordinates"":[-69.6869890212597,-32.9305690996638]}",0101000020E61000005FC1CCA0F76B51C0B5DC64E31C7740C0
LA LETICIA,SAN LUIS,COBRE,"{""type"":""Point"",""coordinates"":[-66.3012337975255,-33.0683583254425]}",0101000020E610000098341F6A479350C0AE1732F7BF8840C0
SAN PEDRO NOLASCO,MENDOZA,PLOMO PLATA ZINC,"{""type"":""Point"",""coordinates"":[-69.1463438191256,-32.9894208245483]}",0101000020E6100000734777B25D4951C046B57157A57E40C0
INCA,MENDOZA,COBRE,"{""type"":""Point"",""coordinates"":[-69.8894878102379,-32.9665166055929]}",0101000020E610000066CA475EED7851C0FF07EED0B67B40C0
CATALINA,MENDOZA,COBRE,"{""type"":""Point"",""coordinates"":[-70.0551010596363,-32.9695163114736]}",0101000020E61000003B4798C6868351C0DA5B491C197C40C0
ROSARIO,MENDOZA,PLOMO PLATA ZINC,"{""type"":""Point"",""coordinates"":[-69.8231101469506,-32.9948639515327]}",0101000020E6100000288A2ED6AD7451C0B2E6B3B3577F40C0
VIRARCO,SAN LUIS,COBRE,"{""type"":""Point"",""coordinates"":[-66.1529252060265,-33.20541157315]}",0101000020E610000088A7CD86C98950C01A732AED4A9A40C0
AMELIA,MENDOZA,COBRE,"{""type"":""Point"",""coordinates"":[-69.3552975214718,-33.2825522837958]}",0101000020E61000008CC4D031BD5651C00C2859AC2AA440C0
CLARITA,MENDOZA,COBRE,"{""type"":""Point"",""coordinates"":[-69.3856979168096,-33.3069089097309]}",0101000020E610000046B55046AF5851C0931289CA48A740C0
SARITA,MENDOZA,COBRE,"{""type"":""Point"",""coordinates"":[-69.3625191330237,-33.3218492808848]}",0101000020E6100000B3207383335751C01AD2735B32A940C0
BARRERA,MENDOZA,COBRE,"{""type"":""Point"",""coordinates"":[-69.5494345281281,-33.4307072747307]}",0101000020E61000009B6670EF296351C0088F7D6A21B740C0
EL COBRE,MENDOZA,COBRE,"{""type"":""Point"",""coordinates"":[-69.5350249197993,-33.4617206861486]}",0101000020E6100000504529D93D6251C09072D7A919BB40C0
30 DE AGOSTO,MENDOZA,PLOMO PLATA ZINC,"{""type"":""Point"",""coordinates"":[-69.5568804556199,-33.7754289132025]}",0101000020E6100000D42AECEDA36351C0EC492F4141E340C0
YAUCHA,MENDOZA,PLOMO PLATA ZINC,"{""type"":""Point"",""coordinates"":[-69.4653481569372,-34.3026706263764]}",0101000020E610000027D3A243C85D51C086DF3CE9BD2641C0
EL PAISANO,MENDOZA,PLOMO PLATA ZINC,"{""type"":""Point"",""coordinates"":[-68.7414284740392,-34.4370634756205]}",0101000020E610000096146A90732F51C076082BB2F13741C0
LA PAISANITA,MENDOZA,PLOMO PLATA ZINC,"{""type"":""Point"",""coordinates"":[-68.807261675818,-34.4650575708403]}",0101000020E6100000F23CE02CAA3351C00FC2A801873B41C0
EL RODEO,MENDOZA,PLOMO PLATA ZINC,"{""type"":""Point"",""coordinates"":[-68.8504256766777,-34.6236316539487]}",0101000020E61000009740D15F6D3651C0E33A7B29D34F41C0
AGUA DEL PABLITO; CELIA,MENDOZA,PLOMO PLATA ZINC,"{""type"":""Point"",""coordinates"":[-68.8750235992123,-34.7033352007088]}",0101000020E61000001576FB62003851C0B8954AE3065A41C0
SANTA TERESA,MENDOZA,COBRE,"{""type"":""Point"",""coordinates"":[-68.7782951371595,-34.7871684520317]}",0101000020E61000001B2F6896CF3151C0A4F592EFC16441C0
VILLAGRA; CLOTILDE,MENDOZA,COBRE,"{""type"":""Point"",""coordinates"":[-70.2518007189424,-34.852894143608]}",0101000020E6100000E53DC3801D9051C08CDFA2A22B6D41C0
ANITA; CARMEN,MENDOZA,COBRE,"{""type"":""Point"",""coordinates"":[-68.3456933056805,-35.2706229761779]}",0101000020E61000000096D0D61F1651C07C1D10C6A3A241C0
AGUILA PRIMERA; AMELIA,MENDOZA,COBRE,"{""type"":""Point"",""coordinates"":[-70.223920534798,-35.187910835701]}",0101000020E61000000C77CBB6548E51C028F356760D9841C0
ABAD; CRUZ DEL SUR,MENDOZA,COBRE,"{""type"":""Point"",""coordinates"":[-68.3851228864549,-35.2910126509548]}",0101000020E6100000F39076DAA51851C05A490DE73FA541C0
ANITA,MENDOZA,COBRE,"{""type"":""Point"",""coordinates"":[-70.2200248494091,-35.2378261062658]}",0101000020E61000003C211BE3148E51C0F245FA15719E41C0
ADRIANA,MENDOZA,COBRE,"{""type"":""Point"",""coordinates"":[-70.2287912728986,-35.2694516164413]}",0101000020E61000006AAD2684A48E51C0263CFC637DA241C0
LA ESPERANZA; LEONOR,MENDOZA,PLOMO PLATA ZINC,"{""type"":""Point"",""coordinates"":[-68.3935677985844,-35.4610874718283]}",0101000020E610000072EBFD36301951C08B0C0EEA04BB41C0
SAN EDUARDO; SANTO TOMAS,MENDOZA,PLOMO PLATA ZINC,"{""type"":""Point"",""coordinates"":[-68.36385771904,-35.4893005829022]}",0101000020E610000022EBE271491751C047BDC866A1BE41C0
CUHINCHENQUE,MENDOZA,PLOMO PLATA ZINC,"{""type"":""Point"",""coordinates"":[-69.9023352998104,-35.62880226641]}",0101000020E610000092AD8EDCBF7951C0DEF0B8977CD041C0
HUEMUL,MENDOZA,URANIO,"{""type"":""Point"",""coordinates"":[-69.6561776858062,-35.6961867217691]}",0101000020E6100000C139B1D0FE6951C032F480A51CD941C0
CERRO MIRANO,MENDOZA,URANIO,"{""type"":""Point"",""coordinates"":[-69.4695739969029,-35.7421286606877]}",0101000020E610000002F017800D5E51C0FE896B12FEDE41C0
LALO,MENDOZA,PLOMO PLATA ZINC,"{""type"":""Point"",""coordinates"":[-68.345448258251,-35.8337103520933]}",0101000020E61000007BE902D31B1651C0E8495405B7EA41C0
URICO,MENDOZA,URANIO,"{""type"":""Point"",""coordinates"":[-69.4725226384952,-35.7834896946604]}",0101000020E610000038BD97CF3D5E51C0E7A8EB6349E441C0
CEFERINO; MARIA HELENA,MENDOZA,COBRE,"{""type"":""Point"",""coordinates"":[-69.5237215694612,-35.8166110929045]}",0101000020E6100000EA4279A7846151C0A8C958B686E841C0
PABLO DANIEL,MENDOZA,COBRE,"{""type"":""Point"",""coordinates"":[-69.4920225307873,-35.846062834035]}",0101000020E610000019A8114C7D5F51C0464575C94BEC41C0
LOMAS MORAS,MENDOZA,MANGANESO,"{""type"":""Point"",""coordinates"":[-68.4282215943342,-36.1696277733867]}",0101000020E6100000D1C68BFB671B51C03D98E55CB61542C0
LA NEGRITA,MENDOZA,MANGANESO,"{""type"":""Point"",""coordinates"":[-68.644268421921,-36.1914327545426]}",0101000020E6100000BF7F9EB13B2951C0651256DE801842C0
SANTA CRUZ; CHACAYAL,MENDOZA,MANGANESO,"{""type"":""Point"",""coordinates"":[-68.3799114955305,-36.2115466413922]}",0101000020E6100000662B4E78501851C0DA2DD9F5131B42C0
LIN CULLIN,MENDOZA,COBRE,"{""type"":""Point"",""coordinates"":[-69.8915241235957,-36.282602180811]}",0101000020E6100000129C32BB0E7951C0482EEA4E2C2442C0
MARIA REDONDO,MENDOZA,PLOMO PLATA ZINC,"{""type"":""Point"",""coordinates"":[-69.931950365124,-36.3806850594107]}",0101000020E6100000FCEC2413A57B51C0521FBC49BA3042C0
JUAN CARLOS; LA PUNTILLA,MENDOZA,PLOMO PLATA ZINC,"{""type"":""Point"",""coordinates"":[-69.7451187317606,-36.4453628424802]}",0101000020E61000001C237A06B06F51C02EA74DA6013942C0
CESAR; COSTA RICA,MENDOZA,COBRE,"{""type"":""Point"",""coordinates"":[-69.7377633134266,-36.5223004579142]}",0101000020E6100000C4D69D83376F51C0B6B6CCBDDA4242C0
CESAR; COSTA RICA,MENDOZA,COBRE,"{""type"":""Point"",""coordinates"":[-69.7754535079589,-36.5246452974217]}",0101000020E61000002010C007A17151C09436BD93274342C0
NIDIA;LUIS; JOSE; CARLOS,MENDOZA,COBRE,"{""type"":""Point"",""coordinates"":[-69.4418664732466,-36.6536315291187]}",0101000020E6100000C0F2508A475C51C08999AC32AA5342C0
NIDIA; LUIS; JOSE; CARLOS,MENDOZA,COBRE,"{""type"":""Point"",""coordinates"":[-69.4891264008145,-36.6697875768807]}",0101000020E6100000F4C6D1D84D5F51C022FC6C99BB5542C0
NIDIA; LUIS; JOSE; CARLOS,MENDOZA,COBRE,"{""type"":""Point"",""coordinates"":[-69.44159419153,-36.6902494143645]}",0101000020E610000062AE4814435C51C0B263C2175A5842C0
ALAMITOS,NEUQUEN,ORO,"{""type"":""Point"",""coordinates"":[-70.3883145809928,-36.9533578647697]}",0101000020E6100000247B6625DA9851C0FC4869A1077A42C0
LOS MELLIZOS,NEUQUEN,COBRE,"{""type"":""Point"",""coordinates"":[-70.3757626119748,-36.9754514967534]}",0101000020E6100000715FA07E0C9851C0EEB13A98DB7C42C0
BUTALO,NEUQUEN,ORO,"{""type"":""Point"",""coordinates"":[-70.6008028698038,-37.1102143735277]}",0101000020E61000009B49E18D73A651C0E1EC2C811B8E42C0
LA RESPETARAN,NEUQUEN,COBRE,"{""type"":""Point"",""coordinates"":[-70.5077173605859,-37.1828899453329]}",0101000020E6100000FFD4F4707EA051C065FC0EF0689742C0
ISOLDE,NEUQUEN,ORO,"{""type"":""Point"",""coordinates"":[-70.5201572939437,-37.2313820001598]}",0101000020E6100000E390D1414AA151C0E4C8E5EC9D9D42C0
DR. BOB,NEUQUEN,COBRE,"{""type"":""Point"",""coordinates"":[-70.5183240350277,-37.2617087039198]}",0101000020E61000002ECB92382CA151C0FA34BAAB7FA142C0
ANA MARIA (GRUPO ANDACOLLO),NEUQUEN,ORO,"{""type"":""Point"",""coordinates"":[-70.654288033559,-37.2590645726429]}",0101000020E61000003193EADADFA951C0D886250729A142C0
DON MIGUEL (GRUPO ANDACOLLO),NEUQUEN,ORO,"{""type"":""Point"",""coordinates"":[-70.6951787052999,-37.2672211193338]}",0101000020E6100000E008D3CE7DAC51C0702B384D34A242C0
DON MARCELO,NEUQUEN,COBRE,"{""type"":""Point"",""coordinates"":[-70.5190632543053,-37.3122134459527]}",0101000020E6100000F872155538A151C080DE359CF6A742C0
AQUI-HUACO,NEUQUEN,COBRE,"{""type"":""Point"",""coordinates"":[-70.1286744659797,-37.3462221397182]}",0101000020E6100000A6CDD3333C8851C0D09ECF0151AC42C0
DIST. MINEROS(GRUPO ANDACOLLO),NEUQUEN,ORO,"{""type"":""Point"",""coordinates"":[-70.7384930859023,-37.3458807326515]}",0101000020E61000007211817843AF51C0FA86E1D145AC42C0
MARGARITA ROSA,NEUQUEN,ORO,"{""type"":""Point"",""coordinates"":[-70.5196097746933,-37.3701884958723]}",0101000020E6100000563F5B4941A151C03E902D5662AF42C0
LA MOJADA,NEUQUEN,PLOMO PLATA ZINC,"{""type"":""Point"",""coordinates"":[-70.4475719255222,-37.381438906507]}",0101000020E610000071AEB704A59C51C0506F76FDD2B042C0
ENDE,NEUQUEN,COBRE,"{""type"":""Point"",""coordinates"":[-70.5217038997564,-37.3934048491127]}",0101000020E610000092E9C09863A151C06E8310175BB242C0
ATREUCO; INCA(GRUPO ANDACOLLO),NEUQUEN,ORO,"{""type"":""Point"",""coordinates"":[-70.6649859510166,-37.394781546405]}",0101000020E61000009EFA3B218FAA51C0D36FA33388B242C0
ANTONIA (GRUPO ANDACOLLO),NEUQUEN,PLOMO PLATA ZINC,"{""type"":""Point"",""coordinates"":[-70.6874538302142,-37.4018970950856]}",0101000020E6100000EC91593EFFAB51C002E02F5D71B342C0
CURA MALLIN (GRUPO ANDACOLLO),NEUQUEN,PLOMO PLATA ZINC,"{""type"":""Point"",""coordinates"":[-70.7005125282067,-37.4569030573126]}",0101000020E610000083C57F32D5AC51C0D04CA4CC7BBA42C0
CHACAY MALIHUE,NEUQUEN,COBRE,"{""type"":""Point"",""coordinates"":[-70.4118150799881,-37.4802922545056]}",0101000020E61000001B23A32D5B9A51C0DBCF72377ABD42C0
LA TOSCA,NEUQUEN,COBRE,"{""type"":""Point"",""coordinates"":[-69.819589320324,-37.5747940689648]}",0101000020E61000004FBCC326747451C0BC1120DA92C942C0
HERCUALES (GRUPO ANDACOLLO),NEUQUEN,PLOMO PLATA ZINC,"{""type"":""Point"",""coordinates"":[-70.6635895210971,-37.5286124438573]}",0101000020E610000027C52E4078AA51C01F509392A9C342C0
DON FELIPE; LA BUITRERA,NEUQUEN,COBRE,"{""type"":""Point"",""coordinates"":[-70.4718689458768,-37.6262125254085]}",0101000020E61000007BA2CE19339E51C0D17C66BB27D042C0
,NEUQUEN,URANIO,"{""type"":""Point"",""coordinates"":[-68.3120401661339,-37.7446094506373]}",0101000020E610000056255177F81351C0D463CB5C4FDF42C0
LA INSOLITA,NEUQUEN,PLOMO PLATA ZINC,"{""type"":""Point"",""coordinates"":[-70.2468093019647,-37.6477538476797]}",0101000020E61000005C123EB9CB8F51C039D21B99E9D242C0
LA PRIMERA,NEUQUEN,URANIO,"{""type"":""Point"",""coordinates"":[-70.5203522351772,-37.6396147505021]}",0101000020E6100000231F76734DA151C008B969E5DED142C0
KARINA,NEUQUEN,PLOMO PLATA ZINC,"{""type"":""Point"",""coordinates"":[-70.2589414430307,-37.7179592329477]}",0101000020E61000005A59217F929051C08CAF9016E6DB42C0
CACIQUE PURRAN,NEUQUEN,PLOMO PLATA ZINC,"{""type"":""Point"",""coordinates"":[-70.4844068288975,-37.7690913216774]}",0101000020E6100000B8048085009F51C0FA1E9D9571E242C0
NUMEN,NEUQUEN,PLOMO PLATA ZINC,"{""type"":""Point"",""coordinates"":[-70.6476113115994,-37.8752132685273]}",0101000020E6100000B6F5B67672A951C0CCAC06FD06F042C0
LIANA,NEUQUEN,PLOMO PLATA ZINC,"{""type"":""Point"",""coordinates"":[-70.7014043491861,-37.9210470041553]}",0101000020E6100000AF4111CFE3AC51C0877644DEE4F542C0
LA Y,NEUQUEN,PLOMO PLATA ZINC,"{""type"":""Point"",""coordinates"":[-70.6538922394577,-37.9495149066626]}",0101000020E610000010E5D55ED9A951C01D9757B489F942C0
SAN BERNARDO,NEUQUEN,PLOMO PLATA ZINC,"{""type"":""Point"",""coordinates"":[-70.3753881812964,-37.9953516796476]}",0101000020E6100000457E265C069851C0720D10AF67FF42C0
SAN AGUSTIN,NEUQUEN,PLOMO PLATA ZINC,"{""type"":""Point"",""coordinates"":[-70.0779114466877,-38.0512899065858]}",0101000020E61000007EE04A80FC8451C04AB3EBAA900643C0
DON AGUSTIN,NEUQUEN,PLOMO PLATA ZINC,"{""type"":""Point"",""coordinates"":[-70.6129548861917,-38.0568868991386]}",0101000020E6100000768721A73AA751C080AFE511480743C0
LA BLANCA,NEUQUEN,PLOMO PLATA ZINC,"{""type"":""Point"",""coordinates"":[-70.0544489452308,-38.1178923546667]}",0101000020E610000057C46D177C8351C0FCDEBF18170F43C0
,LA PAMPA,COBRE,"{""type"":""Point"",""coordinates"":[-65.7290091959625,-38.3114632917723]}",0101000020E61000001AC92F16A86E50C084087607DE2743C0
MARIA TERESA; PALO QUEMADO.,NEUQUEN,URANIO,"{""type"":""Point"",""coordinates"":[-69.616588022055,-38.1611931385105]}",0101000020E610000036759B2D766751C0041F0DFAA11443C0
LA SILVITA,NEUQUEN,PLOMO PLATA ZINC,"{""type"":""Point"",""coordinates"":[-70.610833302607,-38.1439446819058]}",0101000020E61000004C8090E417A751C0F89B82C76C1243C0
LA CHIQUITA,NEUQUEN,PLOMO PLATA ZINC,"{""type"":""Point"",""coordinates"":[-69.9389663741159,-38.1977318282432]}",0101000020E6100000C8376B06187C51C064D7CB464F1943C0
LA PROVIDENCIA CHICA,NEUQUEN,PLOMO PLATA ZINC,"{""type"":""Point"",""coordinates"":[-70.4594621380555,-38.236604614617]}",0101000020E6100000B32CE2D3679D51C072EE5C0F491E43C0
4 DE MAYO,NEUQUEN,PLOMO PLATA ZINC,"{""type"":""Point"",""coordinates"":[-70.5060478947068,-38.2802514125252]}",0101000020E61000006E7EB51663A051C012BA3D47DF2343C0
9 DE JULIO,NEUQUEN,PLOMO PLATA ZINC,"{""type"":""Point"",""coordinates"":[-70.0509098129231,-38.3562810621031]}",0101000020E610000034633B1B428351C05FF52A9E9A2D43C0
CARMELA; CARMEN; LAS TENIA,NEUQUEN,PLOMO PLATA ZINC,"{""type"":""Point"",""coordinates"":[-70.6146511378891,-38.3247452864575]}",0101000020E6100000B6EBB97156A751C0B86EE840912943C0
LA REVANCHA VICTORIA,NEUQUEN,PLOMO PLATA ZINC,"{""type"":""Point"",""coordinates"":[-70.4464348736489,-38.3792660869823]}",0101000020E610000069879363929C51C0130988CA8B3043C0
EL VARON JORGITO,NEUQUEN,PLOMO PLATA ZINC,"{""type"":""Point"",""coordinates"":[-70.1292916813587,-38.4024944061857]}",0101000020E610000024C59D50468851C0FCB1CBEF843343C0
AMELIA; BELEN; TERESA,NEUQUEN,PLOMO PLATA ZINC,"{""type"":""Point"",""coordinates"":[-70.627363536428,-38.3822623070373]}",0101000020E61000004FEA63B926A851C0009CA5F8ED3043C0
JUANITA,NEUQUEN,PLOMO PLATA ZINC,"{""type"":""Point"",""coordinates"":[-70.1978704702879,-38.4186226081122]}",0101000020E6100000C1AEE7E8A98C51C09D9AF56C953543C0
LA ARAUCANA,NEUQUEN,PLOMO PLATA ZINC,"{""type"":""Point"",""coordinates"":[-70.5677725514961,-38.4003240618114]}",0101000020E61000007F0FAF6256A451C01AA4A0D13D3343C0
LA DISCORDIA,NEUQUEN,PLOMO PLATA ZINC,"{""type"":""Point"",""coordinates"":[-70.1275473211899,-38.6313200056937]}",0101000020E6100000FE4C3DBC298851C0EEE10C18CF5043C0
CUPROSA; LA BARROSA,NEUQUEN,COBRE,"{""type"":""Point"",""coordinates"":[-68.845817374365,-38.9669768258443]}",0101000020E6100000555232DF213651C0DC7E89E5C57B43C0
CARRERI,NEUQUEN,PLOMO PLATA ZINC,"{""type"":""Point"",""coordinates"":[-70.6347278425982,-39.0500901012782]}",0101000020E6100000797487619FA851C0EC6B395A698643C0
CARRERI,NEUQUEN,PLOMO PLATA ZINC,"{""type"":""Point"",""coordinates"":[-70.6452307984374,-39.0871911505015]}",0101000020E6100000476A1E764BA951C0CAF36114298B43C0
CASA MAYOR,NEUQUEN,COBRE,"{""type"":""Point"",""coordinates"":[-70.8295858647758,-39.0910903013311]}",0101000020E6100000E39B4FEF17B551C09A99D4D8A88B43C0
CERRO CACHIL,NEUQUEN,COBRE,"{""type"":""Point"",""coordinates"":[-70.7679406685039,-39.1214219178629]}",0101000020E61000008A1F9EF025B151C0941EDFC08A8F43C0
GANARA; LAURA,NEUQUEN,PLOMO PLATA ZINC,"{""type"":""Point"",""coordinates"":[-70.6219826039122,-39.2291916817798]}",0101000020E6100000F59E1F90CEA751C03AE12C27569D43C0
KOKITO,NEUQUEN,COBRE,"{""type"":""Point"",""coordinates"":[-69.1733826350308,-39.4198347291676]}",0101000020E6100000B5C97AB3184B51C0FBBFF724BDB543C0
LA CARMEN,NEUQUEN,COBRE,"{""type"":""Point"",""coordinates"":[-69.2136886869206,-39.4365051706435]}",0101000020E61000005B765013AD4D51C07639C466DFB743C0
CHIQUILLON,NEUQUEN,COBRE,"{""type"":""Point"",""coordinates"":[-70.6348431806197,-39.5008438093753]}",0101000020E610000067B64A45A1A851C0E3D562A61BC043C0
ROSA ARGENTINA; 1§ DE MAYO,NEUQUEN,PLOMO PLATA ZINC,"{""type"":""Point"",""coordinates"":[-70.6886758873102,-39.5248412525712]}",0101000020E61000009F62074413AC51C04EB187FF2DC343C0
LOS LEONES,NEUQUEN,COBRE,"{""type"":""Point"",""coordinates"":[-69.5451246614171,-39.6067944411434]}",0101000020E6100000E4418C52E36251C0860DB470ABCD43C0
QUILLEN,NEUQUEN,PLOMO PLATA ZINC,"{""type"":""Point"",""coordinates"":[-71.2144510667371,-39.6156530861262]}",0101000020E6100000988EF790B9CD51C0FC4B67B8CDCE43C0
NAHUEL MAPI,NEUQUEN,PLOMO PLATA ZINC,"{""type"":""Point"",""coordinates"":[-71.0947293646721,-39.7541665686325]}",0101000020E610000031CFC00B10C651C0B201B68788E043C0
Q,RIO NEGRO,PLOMO PLATA ZINC,"{""type"":""Point"",""coordinates"":[-66.2111743519228,-40.7234188867916]}",0101000020E6100000CED06DE1838D50C0160A76FD985C44C0
GONZALITO; VICENTITO; POLITO,RIO NEGRO,PLOMO PLATA ZINC,"{""type"":""Point"",""coordinates"":[-65.5627142332177,-41.4502163328265]}",0101000020E61000007B2A8F82036450C0B5CE54B0A0B944C0
MARTANA; TURAN; PELIKAN,RIO NEGRO,MANGANESO,"{""type"":""Point"",""coordinates"":[-65.602109465359,-42.0119056072569]}",0101000020E61000000D9523F6886650C054E7781F860145C0
USTIA,RIO NEGRO,ORO,"{""type"":""Point"",""coordinates"":[-71.0979317580655,-41.8918135718875]}",0101000020E61000006788908344C651C062B176F226F244C0
ARROYO VERDE; SAN ANTONIO.,CHUBUT,MANGANESO,"{""type"":""Point"",""coordinates"":[-65.3419859009792,-42.1642523137588]}",0101000020E61000008419D518E35550C072F14538061545C0
GABRIELITO,CHUBUT,MANGANESO,"{""type"":""Point"",""coordinates"":[-65.2378439031129,-42.1797764282112]}",0101000020E6100000105BA2D5384F50C020E1FBE9021745C0
MARIA ADELA,CHUBUT,MANGANESO,"{""type"":""Point"",""coordinates"":[-69.052858622282,-42.1734226649427]}",0101000020E6100000D3802109624351C03A28C1B6321645C0
LILIANA,CHUBUT,ORO,"{""type"":""Point"",""coordinates"":[-69.0074547032292,-42.1768343913413]}",0101000020E610000087A44A237A4051C033CF6382A21645C0
ERNESTINA,CHUBUT,PLOMO PLATA ZINC,"{""type"":""Point"",""coordinates"":[-68.9617420337923,-42.1922549910406]}",0101000020E6100000E394752E8D3D51C08B81C1CF9B1845C0
AGUILA,CHUBUT,PLOMO PLATA ZINC,"{""type"":""Point"",""coordinates"":[-68.8567164912345,-42.2184858088622]}",0101000020E6100000F2F26771D43651C000DACD57F71B45C0
CLARA NATIVIDAD,CHUBUT,PLOMO PLATA ZINC,"{""type"":""Point"",""coordinates"":[-69.1142594438275,-42.2055809560531]}",0101000020E6100000E79FD706504751C0DC760D7A501A45C0
ANGELA,CHUBUT,PLOMO PLATA ZINC,"{""type"":""Point"",""coordinates"":[-69.0468995115579,-42.2390269845538]}",0101000020E6100000B915CF66004351C08CC2AC6F981E45C0
,RIO NEGRO,ORO,"{""type"":""Point"",""coordinates"":[-71.5514623238195,-42.0906814963034]}",0101000020E6100000F771A1284BE351C0E27C86739B0B45C0
BELCHA,CHUBUT,MANGANESO,"{""type"":""Point"",""coordinates"":[-66.1320240525828,-42.3927427439934]}",0101000020E61000003B080315738850C0B398EC64453245C0
CONDORCANQUI,jkjhkhj,COBRE,"{""type"":""Point"",""coordinates"":[-71.9331334902149,-42.3166611331895]}",0101000020E6100000A1D18775B8FB51C04F7B1D5A882845C0
FABIANA,CHUBUT,COBRE,"{""type"":""Point"",""coordinates"":[-69.0498548597972,-42.702661593149]}",0101000020E61000000A1870D2304351C0765DA9D0F05945C0
EL ANCIA DE ORO,CHUBUT,PLOMO PLATA ZINC,"{""type"":""Point"",""coordinates"":[-71.9843792657856,-42.9175749973827]}",0101000020E6100000365AE41100FF51C062B1F618737545C0
SANTA MARTA,CHUBUT,ORO,"{""type"":""Point"",""coordinates"":[-65.2846305737868,-43.364280071845]}",0101000020E6100000C9762763375250C05694B9BAA0AE45C0
GABRIEL,CHUBUT,MANGANESO,"{""type"":""Point"",""coordinates"":[-68.099320080108,-43.4525106005251]}",0101000020E610000098F99B425B0651C09E2C0BDEEBB945C0
FLORENCIA,CHUBUT,MANGANESO,"{""type"":""Point"",""coordinates"":[-67.985479027112,-43.4759253808247]}",0101000020E6100000C315A01612FF50C03AFD741FEBBC45C0
LAS QUEBRADAS; SANDRITAS,CHUBUT,COBRE,"{""type"":""Point"",""coordinates"":[-67.8955473135777,-43.4883679030705]}",0101000020E61000008FF5ADA550F950C0480DE6D682BE45C0
LIBERTADOR GENERAL SAN MARTIN,CHUBUT,PLOMO PLATA ZINC,"{""type"":""Point"",""coordinates"":[-72.0789296779547,-43.2400050456653]}",0101000020E6100000F55F102F0D0552C0F8003F7CB89E45C0
FLORENTINO AMEGHINO,CHUBUT,MANGANESO,"{""type"":""Point"",""coordinates"":[-65.8618264723864,-43.5947765030235]}",0101000020E61000007F6E382A287750C02775EEA221CC45C0
SANTA MAXIMA,CHUBUT,PLOMO PLATA ZINC,"{""type"":""Point"",""coordinates"":[-69.1303877272938,-43.4673816628644]}",0101000020E6100000B421C445584851C05E608E29D3BB45C0
BASALTO,CHUBUT,URANIO,"{""type"":""Point"",""coordinates"":[-68.993369358228,-43.4771525953118]}",0101000020E6100000059C125D933F51C06E08145613BD45C0
CASA DE PIEDRA,CHUBUT,URANIO,"{""type"":""Point"",""coordinates"":[-69.062929519202,-43.488671985302]}",0101000020E61000003DBB8809074451C0FCABB9CD8CBE45C0
LOS ADOBES,CHUBUT,URANIO,"{""type"":""Point"",""coordinates"":[-68.8198342540158,-43.5276754391763]}",0101000020E6100000DF48172A783451C01A1569DE8AC345C0
PICHI¥AN,CHUBUT,URANIO,"{""type"":""Point"",""coordinates"":[-69.0488204665092,-43.5344307043308]}",0101000020E610000017C2E0DF1F4351C0198AAE3968C445C0
LOS GUANACOS,CHUBUT,URANIO,"{""type"":""Point"",""coordinates"":[-69.0643899374653,-43.5590026564449]}",0101000020E6100000B9E6F8F61E4451C069E727668DC745C0
CERRO CONDOR,CHUBUT,URANIO,"{""type"":""Point"",""coordinates"":[-69.1162425524777,-43.5888525767152]}",0101000020E6100000E3529A84704751C022946F855FCB45C0
EL SOL,CHUBUT,COBRE,"{""type"":""Point"",""coordinates"":[-69.0012001331054,-43.6029946937896]}",0101000020E6100000111CB9A9134051C06CBE1CEE2ECD45C0
DANIELA PATRICIA,CHUBUT,MANGANESO,"{""type"":""Point"",""coordinates"":[-68.2839774755726,-43.6514714599074]}",0101000020E6100000A398DCAF2C1251C0334AB36A63D345C0
ADRIANA,CHUBUT,COBRE,"{""type"":""Point"",""coordinates"":[-69.4398401485121,-43.5985466579182]}",0101000020E6100000F1544B57265C51C0C571482D9DCC45C0
LA PERDIDA,CHUBUT,MANGANESO,"{""type"":""Point"",""coordinates"":[-66.0234670628418,-43.7704009418366]}",0101000020E610000013DCFE7B808150C07AFF807F9CE245C0
EVA PERON,CHUBUT,MANGANESO,"{""type"":""Point"",""coordinates"":[-66.13760634759,-43.7791224165214]}",0101000020E6100000BEA7DA8ACE8850C016458948BAE345C0
CALAFATE; CA¥ADON BAGUAL,CHUBUT,PLOMO PLATA ZINC,"{""type"":""Point"",""coordinates"":[-69.3321395914851,-43.6877238838508]}",0101000020E6100000A7C86AC6415551C0A0E8125607D845C0
MINA DEL MALLIN; STELA MARIS I,CHUBUT,PLOMO PLATA ZINC,"{""type"":""Point"",""coordinates"":[-69.4467899675861,-43.7631502613525]}",0101000020E6100000A2BDF234985C51C0AA3863E8AEE145C0
DO¥A ISABEL,CHUBUT,PLOMO PLATA ZINC,"{""type"":""Point"",""coordinates"":[-71.1389894232798,-44.9270103560985]}",0101000020E61000007FDEE433E5C851C0903F7D46A87646C0
EL SOLSITO,CHUBUT,COBRE,"{""type"":""Point"",""coordinates"":[-70.9934726927574,-45.0849352398486]}",0101000020E61000002D377D0E95BF51C0C2B66E28DF8A46C0
LAGO FONTANA,CHUBUT,PLOMO PLATA ZINC,"{""type"":""Point"",""coordinates"":[-71.6054684248561,-45.0851447155483]}",0101000020E610000022E1A2FEBFE651C0815AA405E68A46C0
FORTINA; SORPRESA; NATIVIDAD,CHUBUT,COBRE,"{""type"":""Point"",""coordinates"":[-71.651283895573,-45.1183212346849]}",0101000020E610000074F9A5A2AEE951C068B27426258F46C0
LAGO FONTANA,CHUBUT,PLOMO PLATA ZINC,"{""type"":""Point"",""coordinates"":[-71.5264269811249,-45.1412309168056]}",0101000020E610000078EACAFAB0E151C09E6ECCDA139246C0
,SANTA CRUZ,PLOMO PLATA ZINC,"{""type"":""Point"",""coordinates"":[-72.1558642968018,-47.5706860905729]}",0101000020E61000002B583EAEF90952C07AA5E73D0CC947C0
,SANTA CRUZ,PLOMO PLATA ZINC,"{""type"":""Point"",""coordinates"":[-72.2417675170275,-47.605716967044]}",0101000020E61000008EB7761E790F52C00F0B322288CD47C0
,SANTA CRUZ,PLOMO PLATA ZINC,"{""type"":""Point"",""coordinates"":[-72.1405956057161,-47.6324509872445]}",0101000020E6100000C220B684FF0852C0E2446927F4D047C0
,SANTA CRUZ,COBRE,"{""type"":""Point"",""coordinates"":[-67.3944627470325,-48.2041724883533]}",0101000020E6100000AC7FADE03ED950C0361CF852221A48C0
,SANTA CRUZ,COBRE,"{""type"":""Point"",""coordinates"":[-67.369479732493,-48.2385235472779]}",0101000020E6100000E6E5518EA5D750C03E7189F0871E48C0
,SANTA CRUZ,MANGANESO,"{""type"":""Point"",""coordinates"":[-67.4612403017951,-48.2440930813092]}",0101000020E6100000A5F30AF684DD50C098B32C713E1F48C0
